repetition,shift_hours,associated_episode_count,overlapping_episode_count,post_episode_associated_count,associated_episode_fraction,false_discovery_fraction,event_detection_fraction,median_lead_time_hours
1,963,3,1,2,0.4285714286,0.5714285714,0.2857142857,21.31866667
2,551,1,0,1,0.1428571429,0.8571428571,0.1428571429,35.31866667
3,3224,1,1,0,0.1428571429,0.8571428571,0.1428571429,0.2980472222
4,2885,2,0,2,0.2857142857,0.7142857143,0.2857142857,85.18430264
5,1309,1,1,0,0.1428571429,0.8571428571,0.1428571429,3.815916389
6,730,0,0,0,0,1,0,
7,2934,3,0,3,0.4285714286,0.5714285714,0.2857142857,111.0499386
8,2570,0,0,0,0,1,0,
9,3227,1,1,0,0.1428571429,0.8571428571,0.1428571429,3.298047222
10,4823,1,0,1,0.1428571429,0.8571428571,0.1428571429,129.5494222
11,2433,0,0,0,0,1,0,
12,2540,0,0,0,0,1,0,
13,2509,0,0,0,0,1,0,
14,3103,0,0,0,0,1,0,
15,4726,1,0,1,0.1428571429,0.8571428571,0.1428571429,32.54942222
16,2883,2,0,2,0.2857142857,0.7142857143,0.2857142857,83.18430264
17,3051,1,0,1,0.1428571429,0.8571428571,0.1428571429,131.3186667
18,4713,2,0,2,0.2857142857,0.7142857143,0.2857142857,89.79968042
19,2674,0,0,0,0,1,0,
20,2336,2,0,2,0.2857142857,0.7142857143,0.2857142857,102.3513276
21,1808,1,0,1,0.1428571429,0.8571428571,0.1428571429,12.38398861
22,4652,1,0,1,0.1428571429,0.8571428571,0.1428571429,99.04993861
23,815,0,0,0,0,1,0,
24,1503,1,0,1,0.1428571429,0.8571428571,0.1428571429,161.5494222
25,2706,0,0,0,0,1,0,
26,2568,0,0,0,0,1,0,
27,1570,0,0,0,0,1,0,
28,2506,0,0,0,0,1,0,
29,2603,0,0,0,0,1,0,
30,1685,0,0,0,0,1,0,
31,4549,1,1,0,0.1428571429,0.8571428571,0.1428571429,21.29804722
32,2101,3,0,3,0.4285714286,0.5714285714,0.2857142857,95.31866667
33,2242,1,1,0,0.1428571429,0.8571428571,0.1428571429,20.38398861
34,3858,0,0,0,0,1,0,
35,1403,1,0,1,0.1428571429,0.8571428571,0.1428571429,61.54942222
36,3766,1,0,1,0.1428571429,0.8571428571,0.1428571429,129.8477969
37,4329,3,0,3,0.4285714286,0.5714285714,0.2857142857,59.04993861
38,927,1,0,1,0.1428571429,0.8571428571,0.1428571429,111.8477969
39,2618,0,0,0,0,1,0,
40,3566,1,0,1,0.1428571429,0.8571428571,0.1428571429,40.38398861
41,2354,2,0,2,0.2857142857,0.7142857143,0.2857142857,120.3513276
42,2209,0,0,0,0,1,0,
43,1801,1,0,1,0.1428571429,0.8571428571,0.1428571429,5.383988611
44,1968,2,1,1,0.2857142857,0.7142857143,0.2857142857,50.43404444
45,395,1,0,1,0.1428571429,0.8571428571,0.1428571429,110.8477969
46,1861,2,1,1,0.2857142857,0.7142857143,0.2857142857,45.0999525
47,1889,2,1,1,0.2857142857,0.7142857143,0.2857142857,54.96670542
48,3498,0,0,0,0,1,0,
49,2116,3,0,3,0.4285714286,0.5714285714,0.2857142857,110.3186667
50,2117,3,0,3,0.4285714286,0.5714285714,0.2857142857,111.3186667
51,3429,1,0,1,0.1428571429,0.8571428571,0.1428571429,143.3839886
52,1094,4,0,4,0.5714285714,0.4285714286,0.5714285714,85.69860958
53,4450,1,0,1,0.1428571429,0.8571428571,0.1428571429,137.0499386
54,4441,1,0,1,0.1428571429,0.8571428571,0.1428571429,128.0499386
55,441,1,0,1,0.1428571429,0.8571428571,0.1428571429,156.8477969
56,1547,0,0,0,0,1,0,
57,1391,1,0,1,0.1428571429,0.8571428571,0.1428571429,49.54942222
58,3539,1,1,0,0.1428571429,0.8571428571,0.1428571429,13.38398861
59,1581,0,0,0,0,1,0,
60,4383,2,0,2,0.2857142857,0.7142857143,0.1428571429,91.54993861
61,4074,2,2,0,0.2857142857,0.7142857143,0.2857142857,14.61589278
62,2768,0,0,0,0,1,0,
63,1793,0,0,0,0,1,0,
64,1089,4,0,4,0.5714285714,0.4285714286,0.5714285714,80.69860958
65,370,1,0,1,0.1428571429,0.8571428571,0.1428571429,85.84779694
66,648,1,0,1,0.1428571429,0.8571428571,0.1428571429,132.3186667
67,2543,0,0,0,0,1,0,
68,2425,0,0,0,0,1,0,
69,4506,0,0,0,0,1,0,
70,3937,0,0,0,0,1,0,
71,2327,2,0,2,0.2857142857,0.7142857143,0.2857142857,93.35132764
72,872,1,0,1,0.1428571429,0.8571428571,0.1428571429,56.84779694
73,1014,2,0,2,0.2857142857,0.7142857143,0.2857142857,64.08323181
74,684,0,0,0,0,1,0,
75,2878,2,0,2,0.2857142857,0.7142857143,0.2857142857,78.18430264
76,1726,0,0,0,0,1,0,
77,4066,2,2,0,0.2857142857,0.7142857143,0.2857142857,6.615892778
78,1681,0,0,0,0,1,0,
79,3888,0,0,0,0,1,0,
80,3748,1,0,1,0.1428571429,0.8571428571,0.1428571429,111.8477969
81,1425,1,0,1,0.1428571429,0.8571428571,0.1428571429,83.54942222
82,2350,2,0,2,0.2857142857,0.7142857143,0.2857142857,116.3513276
83,1185,2,0,2,0.2857142857,0.7142857143,0.1428571429,105.0494222
84,2084,3,0,3,0.4285714286,0.5714285714,0.2857142857,78.31866667
85,1663,0,0,0,0,1,0,
86,4683,2,0,2,0.2857142857,0.7142857143,0.2857142857,77.9329275
87,2940,3,0,3,0.4285714286,0.5714285714,0.2857142857,117.0499386
88,2220,0,0,0,0,1,0,
89,4065,2,2,0,0.2857142857,0.7142857143,0.2857142857,5.615892778
90,1232,1,0,1,0.1428571429,0.8571428571,0.1428571429,130.5494222
91,3403,3,0,3,0.4285714286,0.5714285714,0.2857142857,154.0499386
92,3796,1,0,1,0.1428571429,0.8571428571,0.1428571429,159.8477969
93,2169,2,0,2,0.2857142857,0.7142857143,0.2857142857,158.4340444
94,2882,2,0,2,0.2857142857,0.7142857143,0.2857142857,82.18430264
95,3429,1,0,1,0.1428571429,0.8571428571,0.1428571429,143.3839886
96,3162,0,0,0,0,1,0,
97,1607,0,0,0,0,1,0,
98,2304,2,0,2,0.2857142857,0.7142857143,0.2857142857,70.35132764
99,3903,0,0,0,0,1,0,
100,2494,0,0,0,0,1,0,
101,1200,2,0,2,0.2857142857,0.7142857143,0.1428571429,120.0494222
102,3023,1,0,1,0.1428571429,0.8571428571,0.1428571429,103.3186667
103,522,1,0,1,0.1428571429,0.8571428571,0.1428571429,6.318666667
104,3439,1,0,1,0.1428571429,0.8571428571,0.1428571429,153.3839886
105,2607,0,0,0,0,1,0,
106,2918,2,0,2,0.2857142857,0.7142857143,0.2857142857,118.1843026
107,4626,1,0,1,0.1428571429,0.8571428571,0.1428571429,73.04993861
108,4126,2,0,2,0.2857142857,0.7142857143,0.2857142857,66.61589278
109,2378,2,0,2,0.2857142857,0.7142857143,0.2857142857,144.3513276
110,1098,4,0,4,0.5714285714,0.4285714286,0.5714285714,89.69860958
111,686,0,0,0,0,1,0,
112,2217,0,0,0,0,1,0,
113,2837,2,0,2,0.2857142857,0.7142857143,0.2857142857,37.18430264
114,852,1,1,0,0.1428571429,0.8571428571,0.1428571429,36.84779694
115,478,0,0,0,0,1,0,
116,552,1,0,1,0.1428571429,0.8571428571,0.1428571429,36.31866667
117,4759,1,0,1,0.1428571429,0.8571428571,0.1428571429,65.54942222
118,2988,2,0,2,0.2857142857,0.7142857143,0.2857142857,116.6843026
119,2063,3,0,3,0.4285714286,0.5714285714,0.2857142857,57.31866667
120,1253,1,0,1,0.1428571429,0.8571428571,0.1428571429,151.5494222
121,1643,0,0,0,0,1,0,
122,1562,0,0,0,0,1,0,
123,4362,3,0,3,0.4285714286,0.5714285714,0.2857142857,92.04993861
124,1522,0,0,0,0,1,0,
125,1624,0,0,0,0,1,0,
126,1932,2,0,2,0.2857142857,0.7142857143,0.2857142857,97.96670542
127,3570,1,0,1,0.1428571429,0.8571428571,0.1428571429,44.38398861
128,4078,2,2,0,0.2857142857,0.7142857143,0.2857142857,18.61589278
129,800,0,0,0,0,1,0,
130,2035,4,0,4,0.5714285714,0.4285714286,0.2857142857,50.81866667
131,3952,0,0,0,0,1,0,
132,3945,0,0,0,0,1,0,
133,1068,4,1,3,0.5714285714,0.4285714286,0.5714285714,59.69860958
134,4334,3,0,3,0.4285714286,0.5714285714,0.2857142857,64.04993861
135,3808,0,0,0,0,1,0,
136,3931,0,0,0,0,1,0,
137,953,2,1,1,0.2857142857,0.7142857143,0.2857142857,74.58323181
138,4362,3,0,3,0.4285714286,0.5714285714,0.2857142857,92.04993861
139,1605,0,0,0,0,1,0,
140,219,1,0,1,0.1428571429,0.8571428571,0.1428571429,74.04993861
141,1559,0,0,0,0,1,0,
142,642,1,0,1,0.1428571429,0.8571428571,0.1428571429,126.3186667
143,2720,0,0,0,0,1,0,
144,2317,2,0,2,0.2857142857,0.7142857143,0.2857142857,83.35132764
145,4738,1,0,1,0.1428571429,0.8571428571,0.1428571429,44.54942222
146,3626,1,0,1,0.1428571429,0.8571428571,0.1428571429,100.3839886
147,1133,2,0,2,0.2857142857,0.7142857143,0.1428571429,53.04942222
148,3062,1,0,1,0.1428571429,0.8571428571,0.1428571429,142.3186667
149,674,1,0,1,0.1428571429,0.8571428571,0.1428571429,158.3186667
150,2472,0,0,0,0,1,0,
151,679,1,0,1,0.1428571429,0.8571428571,0.1428571429,163.3186667
152,4337,3,0,3,0.4285714286,0.5714285714,0.2857142857,67.04993861
153,3525,0,0,0,0,1,0,
154,4413,2,0,2,0.2857142857,0.7142857143,0.1428571429,121.5499386
155,4386,2,0,2,0.2857142857,0.7142857143,0.1428571429,94.54993861
156,1915,2,1,1,0.2857142857,0.7142857143,0.2857142857,80.96670542
157,1967,2,1,1,0.2857142857,0.7142857143,0.2857142857,49.43404444
158,501,0,0,0,0,1,0,
159,1283,0,0,0,0,1,0,
160,3323,3,0,3,0.4285714286,0.5714285714,0.2857142857,74.04993861
161,725,0,0,0,0,1,0,
162,4633,1,0,1,0.1428571429,0.8571428571,0.1428571429,80.04993861
163,1487,1,0,1,0.1428571429,0.8571428571,0.1428571429,145.5494222
164,4577,1,1,0,0.1428571429,0.8571428571,0.1428571429,24.04993861
165,3035,1,0,1,0.1428571429,0.8571428571,0.1428571429,115.3186667
166,3333,3,0,3,0.4285714286,0.5714285714,0.2857142857,84.04993861
167,2828,2,0,2,0.2857142857,0.7142857143,0.2857142857,28.18430264
168,3688,2,0,2,0.2857142857,0.7142857143,0.2857142857,107.1158928
169,3898,0,0,0,0,1,0,
170,463,0,0,0,0,1,0,
171,2140,2,0,2,0.2857142857,0.7142857143,0.2857142857,129.4340444
172,2967,2,0,2,0.2857142857,0.7142857143,0.2857142857,95.68430264
173,4107,2,0,2,0.2857142857,0.7142857143,0.2857142857,47.61589278
174,1290,0,0,0,0,1,0,
175,3507,0,0,0,0,1,0,
176,4042,0,0,0,0,1,0,
177,399,1,0,1,0.1428571429,0.8571428571,0.1428571429,114.8477969
178,1395,1,0,1,0.1428571429,0.8571428571,0.1428571429,53.54942222
179,4438,1,0,1,0.1428571429,0.8571428571,0.1428571429,125.0499386
180,4084,2,2,0,0.2857142857,0.7142857143,0.2857142857,24.61589278
181,2786,1,1,0,0.1428571429,0.8571428571,0.1428571429,9.318666667
182,4133,2,0,2,0.2857142857,0.7142857143,0.2857142857,73.61589278
183,810,0,0,0,0,1,0,
184,2307,2,0,2,0.2857142857,0.7142857143,0.2857142857,73.35132764
185,734,0,0,0,0,1,0,
186,914,1,0,1,0.1428571429,0.8571428571,0.1428571429,98.84779694
187,1748,0,0,0,0,1,0,
188,309,2,1,1,0.2857142857,0.7142857143,0.2857142857,94.44886778
189,4240,1,0,1,0.1428571429,0.8571428571,0.1428571429,40.38398861
190,3835,0,0,0,0,1,0,
191,373,1,0,1,0.1428571429,0.8571428571,0.1428571429,88.84779694
192,2516,0,0,0,0,1,0,
193,3908,0,0,0,0,1,0,
194,3132,0,0,0,0,1,0,
195,2305,2,0,2,0.2857142857,0.7142857143,0.2857142857,71.35132764
196,1797,1,0,1,0.1428571429,0.8571428571,0.1428571429,1.383988611
197,2915,2,0,2,0.2857142857,0.7142857143,0.2857142857,115.1843026
198,1249,1,0,1,0.1428571429,0.8571428571,0.1428571429,147.5494222
199,2237,1,1,0,0.1428571429,0.8571428571,0.1428571429,15.38398861
200,1266,1,0,1,0.1428571429,0.8571428571,0.1428571429,164.5494222
201,4500,0,0,0,0,1,0,
202,979,3,0,3,0.4285714286,0.5714285714,0.2857142857,37.31866667
203,958,2,1,1,0.2857142857,0.7142857143,0.2857142857,79.58323181
204,3092,0,0,0,0,1,0,
205,2745,0,0,0,0,1,0,
206,1258,1,0,1,0.1428571429,0.8571428571,0.1428571429,156.5494222
207,2509,0,0,0,0,1,0,
208,1021,2,0,2,0.2857142857,0.7142857143,0.2857142857,71.08323181
209,191,3,0,3,0.4285714286,0.5714285714,0.4285714286,146.8477969
210,385,1,0,1,0.1428571429,0.8571428571,0.1428571429,100.8477969
211,2387,2,0,2,0.2857142857,0.7142857143,0.2857142857,153.3513276
212,354,1,0,1,0.1428571429,0.8571428571,0.1428571429,69.84779694
213,3874,0,0,0,0,1,0,
214,971,3,0,3,0.4285714286,0.5714285714,0.2857142857,29.31866667
215,285,2,1,1,0.2857142857,0.7142857143,0.2857142857,70.44886778
216,1326,1,1,0,0.1428571429,0.8571428571,0.1428571429,20.81591639
217,1173,2,0,2,0.2857142857,0.7142857143,0.1428571429,93.04942222
218,3050,1,0,1,0.1428571429,0.8571428571,0.1428571429,130.3186667
219,2269,2,1,1,0.2857142857,0.7142857143,0.2857142857,35.35132764
220,753,0,0,0,0,1,0,
221,2557,0,0,0,0,1,0,
222,774,0,0,0,0,1,0,
223,760,0,0,0,0,1,0,
224,4462,1,0,1,0.1428571429,0.8571428571,0.1428571429,149.0499386
225,3610,1,0,1,0.1428571429,0.8571428571,0.1428571429,84.38398861
226,310,2,0,2,0.2857142857,0.7142857143,0.2857142857,95.44886778
227,4782,1,0,1,0.1428571429,0.8571428571,0.1428571429,88.54942222
228,547,1,0,1,0.1428571429,0.8571428571,0.1428571429,31.31866667
229,1100,4,0,4,0.5714285714,0.4285714286,0.5714285714,91.69860958
230,1487,1,0,1,0.1428571429,0.8571428571,0.1428571429,145.5494222
231,2027,4,0,4,0.5714285714,0.4285714286,0.2857142857,42.81866667
232,2872,2,0,2,0.2857142857,0.7142857143,0.2857142857,72.18430264
233,4873,0,0,0,0,1,0,
234,4466,1,0,1,0.1428571429,0.8571428571,0.1428571429,153.0499386
235,1283,0,0,0,0,1,0,
236,416,1,0,1,0.1428571429,0.8571428571,0.1428571429,131.8477969
237,1175,2,0,2,0.2857142857,0.7142857143,0.1428571429,95.04942222
238,4825,1,0,1,0.1428571429,0.8571428571,0.1428571429,131.5494222
239,2950,2,0,2,0.2857142857,0.7142857143,0.2857142857,78.68430264
240,3235,1,1,0,0.1428571429,0.8571428571,0.1428571429,11.29804722
241,1158,2,0,2,0.2857142857,0.7142857143,0.1428571429,78.04942222
242,4448,1,0,1,0.1428571429,0.8571428571,0.1428571429,135.0499386
243,959,3,2,1,0.4285714286,0.5714285714,0.2857142857,17.31866667
244,4128,2,0,2,0.2857142857,0.7142857143,0.2857142857,68.61589278
245,4489,0,0,0,0,1,0,
246,891,1,0,1,0.1428571429,0.8571428571,0.1428571429,75.84779694
247,3133,0,0,0,0,1,0,
248,802,0,0,0,0,1,0,
249,1623,0,0,0,0,1,0,
250,1752,0,0,0,0,1,0,
251,3023,1,0,1,0.1428571429,0.8571428571,0.1428571429,103.3186667
252,524,1,0,1,0.1428571429,0.8571428571,0.1428571429,8.318666667
253,2645,0,0,0,0,1,0,
254,4891,0,0,0,0,1,0,
255,3017,1,0,1,0.1428571429,0.8571428571,0.1428571429,97.31866667
256,1609,0,0,0,0,1,0,
257,3327,3,0,3,0.4285714286,0.5714285714,0.2857142857,78.04993861
258,1901,2,1,1,0.2857142857,0.7142857143,0.2857142857,66.96670542
259,2259,2,1,1,0.2857142857,0.7142857143,0.2857142857,25.35132764
260,2722,0,0,0,0,1,0,
261,1287,0,0,0,0,1,0,
262,2597,0,0,0,0,1,0,
263,1606,0,0,0,0,1,0,
264,247,1,0,1,0.1428571429,0.8571428571,0.1428571429,102.0499386
265,2876,2,0,2,0.2857142857,0.7142857143,0.2857142857,76.18430264
266,4456,1,0,1,0.1428571429,0.8571428571,0.1428571429,143.0499386
267,2062,3,0,3,0.4285714286,0.5714285714,0.2857142857,56.31866667
268,4522,0,0,0,0,1,0,
269,2034,4,0,4,0.5714285714,0.4285714286,0.2857142857,49.81866667
270,3682,2,0,2,0.2857142857,0.7142857143,0.2857142857,101.1158928
271,2075,3,0,3,0.4285714286,0.5714285714,0.2857142857,69.31866667
272,3815,0,0,0,0,1,0,
273,4771,1,0,1,0.1428571429,0.8571428571,0.1428571429,77.54942222
274,2938,3,0,3,0.4285714286,0.5714285714,0.2857142857,115.0499386
275,650,1,0,1,0.1428571429,0.8571428571,0.1428571429,134.3186667
276,928,1,0,1,0.1428571429,0.8571428571,0.1428571429,112.8477969
277,4126,2,0,2,0.2857142857,0.7142857143,0.2857142857,66.61589278
278,4488,0,0,0,0,1,0,
279,4413,2,0,2,0.2857142857,0.7142857143,0.1428571429,121.5499386
280,4800,1,0,1,0.1428571429,0.8571428571,0.1428571429,106.5494222
281,2909,2,0,2,0.2857142857,0.7142857143,0.2857142857,109.1843026
282,4430,2,0,2,0.2857142857,0.7142857143,0.1428571429,138.5499386
283,1409,1,0,1,0.1428571429,0.8571428571,0.1428571429,67.54942222
284,785,0,0,0,0,1,0,
285,2704,0,0,0,0,1,0,
286,2615,0,0,0,0,1,0,
287,1690,0,0,0,0,1,0,
288,4174,2,0,2,0.2857142857,0.7142857143,0.2857142857,114.6158928
289,2514,0,0,0,0,1,0,
290,3632,1,0,1,0.1428571429,0.8571428571,0.1428571429,106.3839886
291,3691,2,0,2,0.2857142857,0.7142857143,0.2857142857,110.1158928
292,1549,0,0,0,0,1,0,
293,4128,2,0,2,0.2857142857,0.7142857143,0.2857142857,68.61589278
294,2308,2,0,2,0.2857142857,0.7142857143,0.2857142857,74.35132764
295,545,1,0,1,0.1428571429,0.8571428571,0.1428571429,29.31866667
296,344,1,0,1,0.1428571429,0.8571428571,0.1428571429,59.84779694
297,2846,2,0,2,0.2857142857,0.7142857143,0.2857142857,46.18430264
298,4847,1,0,1,0.1428571429,0.8571428571,0.1428571429,153.5494222
299,769,0,0,0,0,1,0,
300,1902,2,1,1,0.2857142857,0.7142857143,0.2857142857,67.96670542
301,1337,1,0,1,0.1428571429,0.8571428571,0.1428571429,31.81591639
302,3068,1,0,1,0.1428571429,0.8571428571,0.1428571429,148.3186667
303,3499,0,0,0,0,1,0,
304,2201,0,0,0,0,1,0,
305,1234,1,0,1,0.1428571429,0.8571428571,0.1428571429,132.5494222
306,1358,1,1,0,0.1428571429,0.8571428571,0.1428571429,16.54942222
307,549,1,0,1,0.1428571429,0.8571428571,0.1428571429,33.31866667
308,2956,2,0,2,0.2857142857,0.7142857143,0.2857142857,84.68430264
309,3235,1,1,0,0.1428571429,0.8571428571,0.1428571429,11.29804722
310,1185,2,0,2,0.2857142857,0.7142857143,0.1428571429,105.0494222
311,4570,1,1,0,0.1428571429,0.8571428571,0.1428571429,17.04993861
312,3580,1,0,1,0.1428571429,0.8571428571,0.1428571429,54.38398861
313,2378,2,0,2,0.2857142857,0.7142857143,0.2857142857,144.3513276
314,2337,2,0,2,0.2857142857,0.7142857143,0.2857142857,103.3513276
315,325,1,0,1,0.1428571429,0.8571428571,0.1428571429,40.84779694
316,4154,2,0,2,0.2857142857,0.7142857143,0.2857142857,94.61589278
317,2745,0,0,0,0,1,0,
318,4839,1,0,1,0.1428571429,0.8571428571,0.1428571429,145.5494222
319,3114,0,0,0,0,1,0,
320,1735,0,0,0,0,1,0,
321,365,1,0,1,0.1428571429,0.8571428571,0.1428571429,80.84779694
322,3081,1,0,1,0.1428571429,0.8571428571,0.1428571429,161.3186667
323,2965,2,0,2,0.2857142857,0.7142857143,0.2857142857,93.68430264
324,4793,1,0,1,0.1428571429,0.8571428571,0.1428571429,99.54942222
325,384,1,0,1,0.1428571429,0.8571428571,0.1428571429,99.84779694
326,3240,1,1,0,0.1428571429,0.8571428571,0.1428571429,16.29804722
327,753,0,0,0,0,1,0,
328,2751,0,0,0,0,1,0,
329,1562,0,0,0,0,1,0,
330,3859,0,0,0,0,1,0,
331,479,0,0,0,0,1,0,
332,4678,2,0,2,0.2857142857,0.7142857143,0.2857142857,72.9329275
333,2953,2,0,2,0.2857142857,0.7142857143,0.2857142857,81.68430264
334,625,1,0,1,0.1428571429,0.8571428571,0.1428571429,109.3186667
335,2840,2,0,2,0.2857142857,0.7142857143,0.2857142857,40.18430264
336,3399,3,0,3,0.4285714286,0.5714285714,0.2857142857,150.0499386
337,201,3,0,3,0.4285714286,0.5714285714,0.4285714286,156.8477969
338,1841,2,1,1,0.2857142857,0.7142857143,0.2857142857,25.0999525
339,2213,0,0,0,0,1,0,
340,4310,3,0,3,0.4285714286,0.5714285714,0.4285714286,40.04993861
341,1786,0,0,0,0,1,0,
342,4346,3,0,3,0.4285714286,0.5714285714,0.2857142857,76.04993861
343,4378,2,0,2,0.2857142857,0.7142857143,0.1428571429,86.54993861
344,1387,1,0,1,0.1428571429,0.8571428571,0.1428571429,45.54942222
345,4683,2,0,2,0.2857142857,0.7142857143,0.2857142857,77.9329275
346,947,2,1,1,0.2857142857,0.7142857143,0.2857142857,68.58323181
347,2942,3,0,3,0.4285714286,0.5714285714,0.2857142857,119.0499386
348,482,0,0,0,0,1,0,
349,2213,0,0,0,0,1,0,
350,2930,3,0,3,0.4285714286,0.5714285714,0.2857142857,107.0499386
351,3814,0,0,0,0,1,0,
352,2524,0,0,0,0,1,0,
353,1866,2,1,1,0.2857142857,0.7142857143,0.2857142857,50.0999525
354,4691,2,0,2,0.2857142857,0.7142857143,0.2857142857,85.9329275
355,1382,1,0,1,0.1428571429,0.8571428571,0.1428571429,40.54942222
356,2980,2,0,2,0.2857142857,0.7142857143,0.2857142857,108.6843026
357,201,3,0,3,0.4285714286,0.5714285714,0.4285714286,156.8477969
358,2636,0,0,0,0,1,0,
359,3509,0,0,0,0,1,0,
360,2311,2,0,2,0.2857142857,0.7142857143,0.2857142857,77.35132764
361,1198,2,0,2,0.2857142857,0.7142857143,0.1428571429,118.0494222
362,299,2,1,1,0.2857142857,0.7142857143,0.2857142857,84.44886778
363,3192,0,0,0,0,1,0,
364,4121,2,0,2,0.2857142857,0.7142857143,0.2857142857,61.61589278
365,2332,2,0,2,0.2857142857,0.7142857143,0.2857142857,98.35132764
366,622,1,0,1,0.1428571429,0.8571428571,0.1428571429,106.3186667
367,2288,2,0,2,0.2857142857,0.7142857143,0.2857142857,54.35132764
368,259,1,0,1,0.1428571429,0.8571428571,0.1428571429,114.0499386
369,4801,1,0,1,0.1428571429,0.8571428571,0.1428571429,107.5494222
370,1999,3,0,3,0.4285714286,0.5714285714,0.4285714286,36.31866667
371,747,0,0,0,0,1,0,
372,3901,0,0,0,0,1,0,
373,2530,0,0,0,0,1,0,
374,1779,0,0,0,0,1,0,
375,3789,1,0,1,0.1428571429,0.8571428571,0.1428571429,152.8477969
376,1197,2,0,2,0.2857142857,0.7142857143,0.1428571429,117.0494222
377,810,0,0,0,0,1,0,
378,1953,2,0,2,0.2857142857,0.7142857143,0.2857142857,118.9667054
379,274,1,0,1,0.1428571429,0.8571428571,0.1428571429,129.0499386
380,4850,1,0,1,0.1428571429,0.8571428571,0.1428571429,156.5494222
381,3174,0,0,0,0,1,0,
382,4036,0,0,0,0,1,0,
383,2759,0,0,0,0,1,0,
384,1107,4,0,4,0.5714285714,0.4285714286,0.4285714286,98.69860958
385,3666,2,0,2,0.2857142857,0.7142857143,0.2857142857,85.11589278
386,1258,1,0,1,0.1428571429,0.8571428571,0.1428571429,156.5494222
387,2388,2,0,2,0.2857142857,0.7142857143,0.2857142857,154.3513276
388,2374,2,0,2,0.2857142857,0.7142857143,0.2857142857,140.3513276
389,2635,0,0,0,0,1,0,
390,1847,2,1,1,0.2857142857,0.7142857143,0.2857142857,31.0999525
391,2181,1,0,1,0.1428571429,0.8571428571,0.1428571429,165.5494222
392,2303,2,0,2,0.2857142857,0.7142857143,0.2857142857,69.35132764
393,2556,0,0,0,0,1,0,
394,3574,1,0,1,0.1428571429,0.8571428571,0.1428571429,48.38398861
395,2645,0,0,0,0,1,0,
396,4439,1,0,1,0.1428571429,0.8571428571,0.1428571429,126.0499386
397,2433,0,0,0,0,1,0,
398,1124,3,0,3,0.4285714286,0.5714285714,0.2857142857,65.54942222
399,578,1,0,1,0.1428571429,0.8571428571,0.1428571429,62.31866667
400,2396,1,0,1,0.1428571429,0.8571428571,0.1428571429,150.3186667
401,3516,0,0,0,0,1,0,
402,3456,0,0,0,0,1,0,
403,2865,2,0,2,0.2857142857,0.7142857143,0.2857142857,65.18430264
404,1378,1,0,1,0.1428571429,0.8571428571,0.1428571429,36.54942222
405,4179,2,0,2,0.2857142857,0.7142857143,0.2857142857,119.6158928
406,2936,3,0,3,0.4285714286,0.5714285714,0.2857142857,113.0499386
407,3735,1,0,1,0.1428571429,0.8571428571,0.1428571429,98.84779694
408,476,0,0,0,0,1,0,
409,1429,1,0,1,0.1428571429,0.8571428571,0.1428571429,87.54942222
410,534,1,0,1,0.1428571429,0.8571428571,0.1428571429,18.31866667
411,729,0,0,0,0,1,0,
412,4743,1,0,1,0.1428571429,0.8571428571,0.1428571429,49.54942222
413,2706,0,0,0,0,1,0,
414,4788,1,0,1,0.1428571429,0.8571428571,0.1428571429,94.54942222
415,307,2,1,1,0.2857142857,0.7142857143,0.2857142857,92.44886778
416,3002,1,0,1,0.1428571429,0.8571428571,0.1428571429,82.31866667
417,2953,2,0,2,0.2857142857,0.7142857143,0.2857142857,81.68430264
418,4616,1,0,1,0.1428571429,0.8571428571,0.1428571429,63.04993861
419,4165,2,0,2,0.2857142857,0.7142857143,0.2857142857,105.6158928
420,1256,1,0,1,0.1428571429,0.8571428571,0.1428571429,154.5494222
421,735,0,0,0,0,1,0,
422,4531,1,1,0,0.1428571429,0.8571428571,0.1428571429,3.298047222
423,2413,1,0,1,0.1428571429,0.8571428571,0.1428571429,167.3186667
424,856,1,1,0,0.1428571429,0.8571428571,0.1428571429,40.84779694
425,3323,3,0,3,0.4285714286,0.5714285714,0.2857142857,74.04993861
426,249,1,0,1,0.1428571429,0.8571428571,0.1428571429,104.0499386
427,776,0,0,0,0,1,0,
428,3257,2,2,0,0.2857142857,0.7142857143,0.2857142857,11.21696361
429,4331,3,0,3,0.4285714286,0.5714285714,0.2857142857,61.04993861
430,1976,2,1,1,0.2857142857,0.7142857143,0.2857142857,58.43404444
431,4558,1,1,0,0.1428571429,0.8571428571,0.1428571429,5.049938611
432,2434,0,0,0,0,1,0,
433,2930,3,0,3,0.4285714286,0.5714285714,0.2857142857,107.0499386
434,347,1,0,1,0.1428571429,0.8571428571,0.1428571429,62.84779694
435,476,0,0,0,0,1,0,
436,1269,1,0,1,0.1428571429,0.8571428571,0.1428571429,167.5494222
437,2094,3,0,3,0.4285714286,0.5714285714,0.2857142857,88.31866667
438,2591,0,0,0,0,1,0,
439,843,1,1,0,0.1428571429,0.8571428571,0.1428571429,27.84779694
440,2315,2,0,2,0.2857142857,0.7142857143,0.2857142857,81.35132764
441,662,1,0,1,0.1428571429,0.8571428571,0.1428571429,146.3186667
442,378,1,0,1,0.1428571429,0.8571428571,0.1428571429,93.84779694
443,1634,0,0,0,0,1,0,
444,2592,0,0,0,0,1,0,
445,2383,2,0,2,0.2857142857,0.7142857143,0.2857142857,149.3513276
446,3014,1,0,1,0.1428571429,0.8571428571,0.1428571429,94.31866667
447,731,0,0,0,0,1,0,
448,1786,0,0,0,0,1,0,
449,819,1,1,0,0.1428571429,0.8571428571,0.1428571429,3.847796944
450,3693,2,0,2,0.2857142857,0.7142857143,0.2857142857,112.1158928
451,2960,2,0,2,0.2857142857,0.7142857143,0.2857142857,88.68430264
452,3764,1,0,1,0.1428571429,0.8571428571,0.1428571429,127.8477969
453,1000,2,0,2,0.2857142857,0.7142857143,0.2857142857,50.08323181
454,3185,0,0,0,0,1,0,
455,3524,0,0,0,0,1,0,
456,218,1,0,1,0.1428571429,0.8571428571,0.1428571429,73.04993861
457,2517,0,0,0,0,1,0,
458,991,2,0,2,0.2857142857,0.7142857143,0.2857142857,41.08323181
459,3960,0,0,0,0,1,0,
460,3578,1,0,1,0.1428571429,0.8571428571,0.1428571429,52.38398861
461,2679,0,0,0,0,1,0,
462,1951,2,0,2,0.2857142857,0.7142857143,0.2857142857,116.9667054
463,2705,0,0,0,0,1,0,
464,330,1,0,1,0.1428571429,0.8571428571,0.1428571429,45.84779694
465,1648,0,0,0,0,1,0,
466,2224,1,1,0,0.1428571429,0.8571428571,0.1428571429,2.383988611
467,4140,2,0,2,0.2857142857,0.7142857143,0.2857142857,80.61589278
468,430,1,0,1,0.1428571429,0.8571428571,0.1428571429,145.8477969
469,2039,4,0,4,0.5714285714,0.4285714286,0.2857142857,54.81866667
470,3472,0,0,0,0,1,0,
471,809,0,0,0,0,1,0,
472,1974,2,1,1,0.2857142857,0.7142857143,0.2857142857,56.43404444
473,3494,0,0,0,0,1,0,
474,2987,2,0,2,0.2857142857,0.7142857143,0.2857142857,115.6843026
475,1086,4,0,4,0.5714285714,0.4285714286,0.5714285714,77.69860958
476,773,0,0,0,0,1,0,
477,4406,2,0,2,0.2857142857,0.7142857143,0.1428571429,114.5499386
478,3497,0,0,0,0,1,0,
479,2745,0,0,0,0,1,0,
480,2760,0,0,0,0,1,0,
481,4633,1,0,1,0.1428571429,0.8571428571,0.1428571429,80.04993861
482,2442,0,0,0,0,1,0,
483,517,1,0,1,0.1428571429,0.8571428571,0.1428571429,1.318666667
484,2388,2,0,2,0.2857142857,0.7142857143,0.2857142857,154.3513276
485,2927,3,0,3,0.4285714286,0.5714285714,0.2857142857,104.0499386
486,2578,0,0,0,0,1,0,
487,1913,2,1,1,0.2857142857,0.7142857143,0.2857142857,78.96670542
488,4078,2,2,0,0.2857142857,0.7142857143,0.2857142857,18.61589278
489,1453,1,0,1,0.1428571429,0.8571428571,0.1428571429,111.5494222
490,1209,2,0,2,0.2857142857,0.7142857143,0.1428571429,129.0494222
491,3920,0,0,0,0,1,0,
492,2620,0,0,0,0,1,0,
493,4602,1,0,1,0.1428571429,0.8571428571,0.1428571429,49.04993861
494,4868,0,0,0,0,1,0,
495,817,1,1,0,0.1428571429,0.8571428571,0.1428571429,1.847796944
496,3785,1,0,1,0.1428571429,0.8571428571,0.1428571429,148.8477969
497,4547,1,1,0,0.1428571429,0.8571428571,0.1428571429,19.29804722
498,433,1,0,1,0.1428571429,0.8571428571,0.1428571429,148.8477969
499,4649,1,0,1,0.1428571429,0.8571428571,0.1428571429,96.04993861
500,3645,2,0,2,0.2857142857,0.7142857143,0.2857142857,64.11589278
501,3818,0,0,0,0,1,0,
502,3904,0,0,0,0,1,0,
503,2612,0,0,0,0,1,0,
504,2743,0,0,0,0,1,0,
505,1909,2,1,1,0.2857142857,0.7142857143,0.2857142857,74.96670542
506,2110,3,0,3,0.4285714286,0.5714285714,0.2857142857,104.3186667
507,3895,0,0,0,0,1,0,
508,3222,0,0,0,0,1,0,
509,2011,4,0,4,0.5714285714,0.4285714286,0.4285714286,40.06729153
510,3166,0,0,0,0,1,0,
511,1847,2,1,1,0.2857142857,0.7142857143,0.2857142857,31.0999525
512,2998,1,0,1,0.1428571429,0.8571428571,0.1428571429,78.31866667
513,3133,0,0,0,0,1,0,
514,4882,0,0,0,0,1,0,
515,1121,3,0,3,0.4285714286,0.5714285714,0.2857142857,62.54942222
516,3466,0,0,0,0,1,0,
517,3617,1,0,1,0.1428571429,0.8571428571,0.1428571429,91.38398861
518,1248,1,0,1,0.1428571429,0.8571428571,0.1428571429,146.5494222
519,2169,2,0,2,0.2857142857,0.7142857143,0.2857142857,158.4340444
520,4894,0,0,0,0,1,0,
521,3960,0,0,0,0,1,0,
522,1496,1,0,1,0.1428571429,0.8571428571,0.1428571429,154.5494222
523,4533,1,1,0,0.1428571429,0.8571428571,0.1428571429,5.298047222
524,4345,3,0,3,0.4285714286,0.5714285714,0.2857142857,75.04993861
525,3075,1,0,1,0.1428571429,0.8571428571,0.1428571429,155.3186667
526,3349,3,0,3,0.4285714286,0.5714285714,0.2857142857,100.0499386
527,389,1,0,1,0.1428571429,0.8571428571,0.1428571429,104.8477969
528,1044,3,1,2,0.4285714286,0.5714285714,0.4285714286,85.84779694
529,4617,1,0,1,0.1428571429,0.8571428571,0.1428571429,64.04993861
530,1651,0,0,0,0,1,0,
531,1493,1,0,1,0.1428571429,0.8571428571,0.1428571429,151.5494222
532,4509,0,0,0,0,1,0,
533,3336,3,0,3,0.4285714286,0.5714285714,0.2857142857,87.04993861
534,4402,2,0,2,0.2857142857,0.7142857143,0.1428571429,110.5499386
535,4034,0,0,0,0,1,0,
536,2005,3,0,3,0.4285714286,0.5714285714,0.4285714286,42.31866667
537,924,1,0,1,0.1428571429,0.8571428571,0.1428571429,108.8477969
538,660,1,0,1,0.1428571429,0.8571428571,0.1428571429,144.3186667
539,184,3,0,3,0.4285714286,0.5714285714,0.4285714286,139.8477969
540,2721,0,0,0,0,1,0,
541,2356,2,0,2,0.2857142857,0.7142857143,0.2857142857,122.3513276
542,926,1,0,1,0.1428571429,0.8571428571,0.1428571429,110.8477969
543,4491,0,0,0,0,1,0,
544,2414,0,0,0,0,1,0,
545,2695,0,0,0,0,1,0,
546,3173,0,0,0,0,1,0,
547,1909,2,1,1,0.2857142857,0.7142857143,0.2857142857,74.96670542
548,1799,1,0,1,0.1428571429,0.8571428571,0.1428571429,3.383988611
549,2990,2,0,2,0.2857142857,0.7142857143,0.2857142857,118.6843026
550,1133,2,0,2,0.2857142857,0.7142857143,0.1428571429,53.04942222
551,4768,1,0,1,0.1428571429,0.8571428571,0.1428571429,74.54942222
552,4905,0,0,0,0,1,0,
553,811,0,0,0,0,1,0,
554,2552,0,0,0,0,1,0,
555,3724,1,0,1,0.1428571429,0.8571428571,0.1428571429,87.84779694
556,264,1,0,1,0.1428571429,0.8571428571,0.1428571429,119.0499386
557,1700,0,0,0,0,1,0,
558,301,2,1,1,0.2857142857,0.7142857143,0.2857142857,86.44886778
559,904,1,0,1,0.1428571429,0.8571428571,0.1428571429,88.84779694
560,3416,2,0,2,0.2857142857,0.7142857143,0.2857142857,148.7169636
561,686,0,0,0,0,1,0,
562,1379,1,0,1,0.1428571429,0.8571428571,0.1428571429,37.54942222
563,1052,3,0,3,0.4285714286,0.5714285714,0.4285714286,93.84779694
564,1525,0,0,0,0,1,0,
565,1108,4,0,4,0.5714285714,0.4285714286,0.4285714286,99.69860958
566,4780,1,0,1,0.1428571429,0.8571428571,0.1428571429,86.54942222
567,1872,2,1,1,0.2857142857,0.7142857143,0.2857142857,56.0999525
568,1063,3,1,2,0.4285714286,0.5714285714,0.4285714286,104.8477969
569,628,1,0,1,0.1428571429,0.8571428571,0.1428571429,112.3186667
570,4164,2,0,2,0.2857142857,0.7142857143,0.2857142857,104.6158928
571,3888,0,0,0,0,1,0,
572,3600,1,0,1,0.1428571429,0.8571428571,0.1428571429,74.38398861
573,3470,0,0,0,0,1,0,
574,4065,2,2,0,0.2857142857,0.7142857143,0.2857142857,5.615892778
575,2001,3,0,3,0.4285714286,0.5714285714,0.4285714286,38.31866667
576,2495,0,0,0,0,1,0,
577,4355,3,0,3,0.4285714286,0.5714285714,0.2857142857,85.04993861
578,4127,2,0,2,0.2857142857,0.7142857143,0.2857142857,67.61589278
579,4180,2,0,2,0.2857142857,0.7142857143,0.2857142857,120.6158928
580,2071,3,0,3,0.4285714286,0.5714285714,0.2857142857,65.31866667
581,490,0,0,0,0,1,0,
582,3818,0,0,0,0,1,0,
583,4599,1,0,1,0.1428571429,0.8571428571,0.1428571429,46.04993861
584,4888,0,0,0,0,1,0,
585,4585,1,0,1,0.1428571429,0.8571428571,0.1428571429,32.04993861
586,3746,1,0,1,0.1428571429,0.8571428571,0.1428571429,109.8477969
587,3319,3,0,3,0.4285714286,0.5714285714,0.2857142857,70.04993861
588,1716,0,0,0,0,1,0,
589,3074,1,0,1,0.1428571429,0.8571428571,0.1428571429,154.3186667
590,1593,0,0,0,0,1,0,
591,3429,1,0,1,0.1428571429,0.8571428571,0.1428571429,143.3839886
592,303,2,1,1,0.2857142857,0.7142857143,0.2857142857,88.44886778
593,249,1,0,1,0.1428571429,0.8571428571,0.1428571429,104.0499386
594,2472,0,0,0,0,1,0,
595,3754,1,0,1,0.1428571429,0.8571428571,0.1428571429,117.8477969
596,3175,0,0,0,0,1,0,
597,1645,0,0,0,0,1,0,
598,2324,2,0,2,0.2857142857,0.7142857143,0.2857142857,90.35132764
599,1080,4,1,3,0.5714285714,0.4285714286,0.5714285714,71.69860958
600,3149,0,0,0,0,1,0,
601,1303,0,0,0,0,1,0,
602,3457,0,0,0,0,1,0,
603,182,3,0,3,0.4285714286,0.5714285714,0.4285714286,137.8477969
604,717,0,0,0,0,1,0,
605,852,1,1,0,0.1428571429,0.8571428571,0.1428571429,36.84779694
606,4660,2,0,2,0.2857142857,0.7142857143,0.2857142857,54.9329275
607,4853,1,0,1,0.1428571429,0.8571428571,0.1428571429,159.5494222
608,3463,0,0,0,0,1,0,
609,4168,2,0,2,0.2857142857,0.7142857143,0.2857142857,108.6158928
610,1179,2,0,2,0.2857142857,0.7142857143,0.1428571429,99.04942222
611,2822,2,1,1,0.2857142857,0.7142857143,0.2857142857,34.80835694
612,4026,0,0,0,0,1,0,
613,713,0,0,0,0,1,0,
614,4381,2,0,2,0.2857142857,0.7142857143,0.1428571429,89.54993861
615,1285,0,0,0,0,1,0,
616,3671,2,0,2,0.2857142857,0.7142857143,0.2857142857,90.11589278
617,4524,0,0,0,0,1,0,
618,733,0,0,0,0,1,0,
619,4489,0,0,0,0,1,0,
620,4393,2,0,2,0.2857142857,0.7142857143,0.1428571429,101.5499386
621,4070,2,2,0,0.2857142857,0.7142857143,0.2857142857,10.61589278
622,4648,1,0,1,0.1428571429,0.8571428571,0.1428571429,95.04993861
623,2672,0,0,0,0,1,0,
624,1027,3,1,2,0.4285714286,0.5714285714,0.4285714286,68.84779694
625,3189,0,0,0,0,1,0,
626,4537,1,1,0,0.1428571429,0.8571428571,0.1428571429,9.298047222
627,1579,0,0,0,0,1,0,
628,1361,1,1,0,0.1428571429,0.8571428571,0.1428571429,19.54942222
629,3737,1,0,1,0.1428571429,0.8571428571,0.1428571429,100.8477969
630,3751,1,0,1,0.1428571429,0.8571428571,0.1428571429,114.8477969
631,2684,0,0,0,0,1,0,
632,1706,0,0,0,0,1,0,
633,3434,1,0,1,0.1428571429,0.8571428571,0.1428571429,148.3839886
634,4741,1,0,1,0.1428571429,0.8571428571,0.1428571429,47.54942222
635,4030,0,0,0,0,1,0,
636,3980,0,0,0,0,1,0,
637,2368,2,0,2,0.2857142857,0.7142857143,0.2857142857,134.3513276
638,2645,0,0,0,0,1,0,
639,3085,1,0,1,0.1428571429,0.8571428571,0.1428571429,165.3186667
640,1867,2,1,1,0.2857142857,0.7142857143,0.2857142857,51.0999525
641,1579,0,0,0,0,1,0,
642,4488,0,0,0,0,1,0,
643,4244,1,0,1,0.1428571429,0.8571428571,0.1428571429,44.38398861
644,4784,1,0,1,0.1428571429,0.8571428571,0.1428571429,90.54942222
645,2303,2,0,2,0.2857142857,0.7142857143,0.2857142857,69.35132764
646,3129,0,0,0,0,1,0,
647,2972,2,0,2,0.2857142857,0.7142857143,0.2857142857,100.6843026
648,2550,0,0,0,0,1,0,
649,256,1,0,1,0.1428571429,0.8571428571,0.1428571429,111.0499386
650,572,1,0,1,0.1428571429,0.8571428571,0.1428571429,56.31866667
651,337,1,0,1,0.1428571429,0.8571428571,0.1428571429,52.84779694
652,1095,4,0,4,0.5714285714,0.4285714286,0.5714285714,86.69860958
653,4465,1,0,1,0.1428571429,0.8571428571,0.1428571429,152.0499386
654,388,1,0,1,0.1428571429,0.8571428571,0.1428571429,103.8477969
655,1587,0,0,0,0,1,0,
656,3237,1,1,0,0.1428571429,0.8571428571,0.1428571429,13.29804722
657,1073,4,1,3,0.5714285714,0.4285714286,0.5714285714,64.69860958
658,2271,2,0,2,0.2857142857,0.7142857143,0.2857142857,37.35132764
659,4302,3,0,3,0.4285714286,0.5714285714,0.4285714286,32.04993861
660,3696,1,0,1,0.1428571429,0.8571428571,0.1428571429,59.84779694
661,1854,2,1,1,0.2857142857,0.7142857143,0.2857142857,38.0999525
662,4901,0,0,0,0,1,0,
663,260,1,0,1,0.1428571429,0.8571428571,0.1428571429,115.0499386
664,266,1,0,1,0.1428571429,0.8571428571,0.1428571429,121.0499386
665,3832,0,0,0,0,1,0,
666,2073,3,0,3,0.4285714286,0.5714285714,0.2857142857,67.31866667
667,4574,1,1,0,0.1428571429,0.8571428571,0.1428571429,21.04993861
668,4577,1,1,0,0.1428571429,0.8571428571,0.1428571429,24.04993861
669,2063,3,0,3,0.4285714286,0.5714285714,0.2857142857,57.31866667
670,4685,2,0,2,0.2857142857,0.7142857143,0.2857142857,79.9329275
671,2667,0,0,0,0,1,0,
672,1083,4,0,4,0.5714285714,0.4285714286,0.5714285714,74.69860958
673,168,5,0,5,0.7142857143,0.2857142857,0.4285714286,130.5494222
674,3567,1,0,1,0.1428571429,0.8571428571,0.1428571429,41.38398861
675,1068,4,1,3,0.5714285714,0.4285714286,0.5714285714,59.69860958
676,1049,3,0,3,0.4285714286,0.5714285714,0.4285714286,90.84779694
677,752,0,0,0,0,1,0,
678,381,1,0,1,0.1428571429,0.8571428571,0.1428571429,96.84779694
679,4411,2,0,2,0.2857142857,0.7142857143,0.1428571429,119.5499386
680,3708,1,0,1,0.1428571429,0.8571428571,0.1428571429,71.84779694
681,4309,3,0,3,0.4285714286,0.5714285714,0.4285714286,39.04993861
682,2966,2,0,2,0.2857142857,0.7142857143,0.2857142857,94.68430264
683,3552,1,0,1,0.1428571429,0.8571428571,0.1428571429,26.38398861
684,1836,1,0,1,0.1428571429,0.8571428571,0.1428571429,40.38398861
685,291,2,1,1,0.2857142857,0.7142857143,0.2857142857,76.44886778
686,619,1,0,1,0.1428571429,0.8571428571,0.1428571429,103.3186667
687,3176,0,0,0,0,1,0,
688,1062,3,1,2,0.4285714286,0.5714285714,0.4285714286,103.8477969
689,1789,0,0,0,0,1,0,
690,2155,2,0,2,0.2857142857,0.7142857143,0.2857142857,144.4340444
691,1957,2,0,2,0.2857142857,0.7142857143,0.2857142857,122.9667054
692,1413,1,0,1,0.1428571429,0.8571428571,0.1428571429,71.54942222
693,539,1,0,1,0.1428571429,0.8571428571,0.1428571429,23.31866667
694,2232,1,1,0,0.1428571429,0.8571428571,0.1428571429,10.38398861
695,1040,3,1,2,0.4285714286,0.5714285714,0.4285714286,81.84779694
696,1331,1,0,1,0.1428571429,0.8571428571,0.1428571429,25.81591639
697,3383,3,0,3,0.4285714286,0.5714285714,0.2857142857,134.0499386
698,1507,1,0,1,0.1428571429,0.8571428571,0.1428571429,165.5494222
699,2490,0,0,0,0,1,0,
700,2370,2,0,2,0.2857142857,0.7142857143,0.2857142857,136.3513276
701,3114,0,0,0,0,1,0,
702,2858,2,0,2,0.2857142857,0.7142857143,0.2857142857,58.18430264
703,1562,0,0,0,0,1,0,
704,2752,0,0,0,0,1,0,
705,4806,1,0,1,0.1428571429,0.8571428571,0.1428571429,112.5494222
706,3210,0,0,0,0,1,0,
707,1615,0,0,0,0,1,0,
708,4599,1,0,1,0.1428571429,0.8571428571,0.1428571429,46.04993861
709,2361,2,0,2,0.2857142857,0.7142857143,0.2857142857,127.3513276
710,474,0,0,0,0,1,0,
711,3294,3,0,3,0.4285714286,0.5714285714,0.2857142857,45.04993861
712,640,1,0,1,0.1428571429,0.8571428571,0.1428571429,124.3186667
713,2310,2,0,2,0.2857142857,0.7142857143,0.2857142857,76.35132764
714,2545,0,0,0,0,1,0,
715,799,0,0,0,0,1,0,
716,2681,0,0,0,0,1,0,
717,2562,0,0,0,0,1,0,
718,3295,3,0,3,0.4285714286,0.5714285714,0.2857142857,46.04993861
719,4887,0,0,0,0,1,0,
720,2267,2,1,1,0.2857142857,0.7142857143,0.2857142857,33.35132764
721,3238,1,1,0,0.1428571429,0.8571428571,0.1428571429,14.29804722
722,4748,1,0,1,0.1428571429,0.8571428571,0.1428571429,54.54942222
723,3976,0,0,0,0,1,0,
724,447,1,0,1,0.1428571429,0.8571428571,0.1428571429,162.8477969
725,1566,0,0,0,0,1,0,
726,183,3,0,3,0.4285714286,0.5714285714,0.4285714286,138.8477969
727,2852,2,0,2,0.2857142857,0.7142857143,0.2857142857,52.18430264
728,3381,3,0,3,0.4285714286,0.5714285714,0.2857142857,132.0499386
729,2621,0,0,0,0,1,0,
730,1629,0,0,0,0,1,0,
731,3387,3,0,3,0.4285714286,0.5714285714,0.2857142857,138.0499386
732,2009,4,0,4,0.5714285714,0.4285714286,0.4285714286,38.06729153
733,1512,0,0,0,0,1,0,
734,3252,2,2,0,0.2857142857,0.7142857143,0.2857142857,6.216963611
735,3176,0,0,0,0,1,0,
736,4628,1,0,1,0.1428571429,0.8571428571,0.1428571429,75.04993861
737,1347,1,1,0,0.1428571429,0.8571428571,0.1428571429,5.549422222
738,1459,1,0,1,0.1428571429,0.8571428571,0.1428571429,117.5494222
739,2378,2,0,2,0.2857142857,0.7142857143,0.2857142857,144.3513276
740,2937,3,0,3,0.4285714286,0.5714285714,0.2857142857,114.0499386
741,919,1,0,1,0.1428571429,0.8571428571,0.1428571429,103.8477969
742,1418,1,0,1,0.1428571429,0.8571428571,0.1428571429,76.54942222
743,4154,2,0,2,0.2857142857,0.7142857143,0.2857142857,94.61589278
744,1015,2,0,2,0.2857142857,0.7142857143,0.2857142857,65.08323181
745,1303,0,0,0,0,1,0,
746,1056,3,0,3,0.4285714286,0.5714285714,0.4285714286,97.84779694
747,752,0,0,0,0,1,0,
748,3372,3,0,3,0.4285714286,0.5714285714,0.2857142857,123.0499386
749,1387,1,0,1,0.1428571429,0.8571428571,0.1428571429,45.54942222
750,2199,0,0,0,0,1,0,
751,477,0,0,0,0,1,0,
752,2778,1,1,0,0.1428571429,0.8571428571,0.1428571429,1.318666667
753,2114,3,0,3,0.4285714286,0.5714285714,0.2857142857,108.3186667
754,1122,3,0,3,0.4285714286,0.5714285714,0.2857142857,63.54942222
755,3391,3,0,3,0.4285714286,0.5714285714,0.2857142857,142.0499386
756,1878,2,1,1,0.2857142857,0.7142857143,0.2857142857,43.96670542
757,4657,1,0,1,0.1428571429,0.8571428571,0.1428571429,104.0499386
758,3756,1,0,1,0.1428571429,0.8571428571,0.1428571429,119.8477969
759,4257,2,1,1,0.2857142857,0.7142857143,0.2857142857,34.84101792
760,2749,0,0,0,0,1,0,
761,3888,0,0,0,0,1,0,
762,272,1,0,1,0.1428571429,0.8571428571,0.1428571429,127.0499386
763,4616,1,0,1,0.1428571429,0.8571428571,0.1428571429,63.04993861
764,3544,1,1,0,0.1428571429,0.8571428571,0.1428571429,18.38398861
765,2228,1,1,0,0.1428571429,0.8571428571,0.1428571429,6.383988611
766,1476,1,0,1,0.1428571429,0.8571428571,0.1428571429,134.5494222
767,3231,1,1,0,0.1428571429,0.8571428571,0.1428571429,7.298047222
768,4193,2,0,2,0.2857142857,0.7142857143,0.2857142857,133.6158928
769,4697,2,0,2,0.2857142857,0.7142857143,0.2857142857,73.79968042
770,3235,1,1,0,0.1428571429,0.8571428571,0.1428571429,11.29804722
771,1719,0,0,0,0,1,0,
772,3013,1,0,1,0.1428571429,0.8571428571,0.1428571429,93.31866667
773,1852,2,1,1,0.2857142857,0.7142857143,0.2857142857,36.0999525
774,2792,1,1,0,0.1428571429,0.8571428571,0.1428571429,15.31866667
775,3344,3,0,3,0.4285714286,0.5714285714,0.2857142857,95.04993861
776,454,0,0,0,0,1,0,
777,3432,1,0,1,0.1428571429,0.8571428571,0.1428571429,146.3839886
778,958,2,1,1,0.2857142857,0.7142857143,0.2857142857,79.58323181
779,1612,0,0,0,0,1,0,
780,935,1,0,1,0.1428571429,0.8571428571,0.1428571429,119.8477969
781,2999,1,0,1,0.1428571429,0.8571428571,0.1428571429,79.31866667
782,4219,3,0,3,0.4285714286,0.5714285714,0.2857142857,156.8477969
783,3192,0,0,0,0,1,0,
784,4009,0,0,0,0,1,0,
785,608,1,0,1,0.1428571429,0.8571428571,0.1428571429,92.31866667
786,2055,3,0,3,0.4285714286,0.5714285714,0.2857142857,49.31866667
787,4620,1,0,1,0.1428571429,0.8571428571,0.1428571429,67.04993861
788,1377,1,0,1,0.1428571429,0.8571428571,0.1428571429,35.54942222
789,3194,0,0,0,0,1,0,
790,1191,2,0,2,0.2857142857,0.7142857143,0.1428571429,111.0494222
791,4578,1,0,1,0.1428571429,0.8571428571,0.1428571429,25.04993861
792,2269,2,1,1,0.2857142857,0.7142857143,0.2857142857,35.35132764
793,4159,2,0,2,0.2857142857,0.7142857143,0.2857142857,99.61589278
794,4445,1,0,1,0.1428571429,0.8571428571,0.1428571429,132.0499386
795,2616,0,0,0,0,1,0,
796,3713,1,0,1,0.1428571429,0.8571428571,0.1428571429,76.84779694
797,3549,1,1,0,0.1428571429,0.8571428571,0.1428571429,23.38398861
798,4683,2,0,2,0.2857142857,0.7142857143,0.2857142857,77.9329275
799,1056,3,0,3,0.4285714286,0.5714285714,0.4285714286,97.84779694
800,2681,0,0,0,0,1,0,
801,1179,2,0,2,0.2857142857,0.7142857143,0.1428571429,99.04942222
802,317,1,0,1,0.1428571429,0.8571428571,0.1428571429,32.84779694
803,4260,2,1,1,0.2857142857,0.7142857143,0.2857142857,37.84101792
804,2712,0,0,0,0,1,0,
805,898,1,0,1,0.1428571429,0.8571428571,0.1428571429,82.84779694
806,4373,2,0,2,0.2857142857,0.7142857143,0.1428571429,81.54993861
807,4156,2,0,2,0.2857142857,0.7142857143,0.2857142857,96.61589278
808,1899,2,1,1,0.2857142857,0.7142857143,0.2857142857,64.96670542
809,832,1,1,0,0.1428571429,0.8571428571,0.1428571429,16.84779694
810,228,1,0,1,0.1428571429,0.8571428571,0.1428571429,83.04993861
811,584,1,0,1,0.1428571429,0.8571428571,0.1428571429,68.31866667
812,4193,2,0,2,0.2857142857,0.7142857143,0.2857142857,133.6158928
813,4592,1,0,1,0.1428571429,0.8571428571,0.1428571429,39.04993861
814,4018,0,0,0,0,1,0,
815,347,1,0,1,0.1428571429,0.8571428571,0.1428571429,62.84779694
816,3812,0,0,0,0,1,0,
817,1642,0,0,0,0,1,0,
818,2692,0,0,0,0,1,0,
819,3368,3,0,3,0.4285714286,0.5714285714,0.2857142857,119.0499386
820,356,1,0,1,0.1428571429,0.8571428571,0.1428571429,71.84779694
821,4709,2,0,2,0.2857142857,0.7142857143,0.2857142857,85.79968042
822,4482,0,0,0,0,1,0,
823,1175,2,0,2,0.2857142857,0.7142857143,0.1428571429,95.04942222
824,2918,2,0,2,0.2857142857,0.7142857143,0.2857142857,118.1843026
825,2449,0,0,0,0,1,0,
826,619,1,0,1,0.1428571429,0.8571428571,0.1428571429,103.3186667
827,555,1,0,1,0.1428571429,0.8571428571,0.1428571429,39.31866667
828,596,1,0,1,0.1428571429,0.8571428571,0.1428571429,80.31866667
829,4690,2,0,2,0.2857142857,0.7142857143,0.2857142857,84.9329275
830,682,1,0,1,0.1428571429,0.8571428571,0.1428571429,166.3186667
831,3786,1,0,1,0.1428571429,0.8571428571,0.1428571429,149.8477969
832,4371,2,0,2,0.2857142857,0.7142857143,0.1428571429,79.54993861
833,309,2,1,1,0.2857142857,0.7142857143,0.2857142857,94.44886778
834,4403,2,0,2,0.2857142857,0.7142857143,0.1428571429,111.5499386
835,1166,2,0,2,0.2857142857,0.7142857143,0.1428571429,86.04942222
836,3212,0,0,0,0,1,0,
837,861,1,1,0,0.1428571429,0.8571428571,0.1428571429,45.84779694
838,4393,2,0,2,0.2857142857,0.7142857143,0.1428571429,101.5499386
839,3450,1,0,1,0.1428571429,0.8571428571,0.1428571429,164.3839886
840,4529,1,1,0,0.1428571429,0.8571428571,0.1428571429,1.298047222
841,4474,1,0,1,0.1428571429,0.8571428571,0.1428571429,161.0499386
842,2872,2,0,2,0.2857142857,0.7142857143,0.2857142857,72.18430264
843,2969,2,0,2,0.2857142857,0.7142857143,0.2857142857,97.68430264
844,3045,1,0,1,0.1428571429,0.8571428571,0.1428571429,125.3186667
845,966,3,0,3,0.4285714286,0.5714285714,0.2857142857,24.31866667
846,480,0,0,0,0,1,0,
847,3953,0,0,0,0,1,0,
848,4469,1,0,1,0.1428571429,0.8571428571,0.1428571429,156.0499386
849,486,0,0,0,0,1,0,
850,1289,0,0,0,0,1,0,
851,823,1,1,0,0.1428571429,0.8571428571,0.1428571429,7.847796944
852,3617,1,0,1,0.1428571429,0.8571428571,0.1428571429,91.38398861
853,1892,2,1,1,0.2857142857,0.7142857143,0.2857142857,57.96670542
854,4103,2,1,1,0.2857142857,0.7142857143,0.2857142857,43.61589278
855,2208,0,0,0,0,1,0,
856,4483,0,0,0,0,1,0,
857,1316,1,1,0,0.1428571429,0.8571428571,0.1428571429,10.81591639
858,2030,4,0,4,0.5714285714,0.4285714286,0.2857142857,45.81866667
859,1253,1,0,1,0.1428571429,0.8571428571,0.1428571429,151.5494222
860,2620,0,0,0,0,1,0,
861,3228,1,1,0,0.1428571429,0.8571428571,0.1428571429,4.298047222
862,2741,0,0,0,0,1,0,
863,2094,3,0,3,0.4285714286,0.5714285714,0.2857142857,88.31866667
864,3031,1,0,1,0.1428571429,0.8571428571,0.1428571429,111.3186667
865,2216,0,0,0,0,1,0,
866,699,0,0,0,0,1,0,
867,2434,0,0,0,0,1,0,
868,1385,1,0,1,0.1428571429,0.8571428571,0.1428571429,43.54942222
869,3243,2,2,0,0.2857142857,0.7142857143,0.2857142857,9.841017917
870,461,0,0,0,0,1,0,
871,561,1,0,1,0.1428571429,0.8571428571,0.1428571429,45.31866667
872,2192,0,0,0,0,1,0,
873,3125,0,0,0,0,1,0,
874,4432,2,0,2,0.2857142857,0.7142857143,0.1428571429,140.5499386
875,3712,1,0,1,0.1428571429,0.8571428571,0.1428571429,75.84779694
876,3286,3,1,2,0.4285714286,0.5714285714,0.2857142857,37.04993861
877,617,1,0,1,0.1428571429,0.8571428571,0.1428571429,101.3186667
878,4562,1,1,0,0.1428571429,0.8571428571,0.1428571429,9.049938611
879,1539,0,0,0,0,1,0,
880,3192,0,0,0,0,1,0,
881,889,1,0,1,0.1428571429,0.8571428571,0.1428571429,73.84779694
882,3000,1,0,1,0.1428571429,0.8571428571,0.1428571429,80.31866667
883,2055,3,0,3,0.4285714286,0.5714285714,0.2857142857,49.31866667
884,3400,3,0,3,0.4285714286,0.5714285714,0.2857142857,151.0499386
885,725,0,0,0,0,1,0,
886,3221,0,0,0,0,1,0,
887,4195,2,0,2,0.2857142857,0.7142857143,0.2857142857,135.6158928
888,4434,2,0,2,0.2857142857,0.7142857143,0.1428571429,142.5499386
889,2724,0,0,0,0,1,0,
890,2033,4,0,4,0.5714285714,0.4285714286,0.2857142857,48.81866667
891,1580,0,0,0,0,1,0,
892,1107,4,0,4,0.5714285714,0.4285714286,0.4285714286,98.69860958
893,1172,2,0,2,0.2857142857,0.7142857143,0.1428571429,92.04942222
894,938,1,0,1,0.1428571429,0.8571428571,0.1428571429,122.8477969
895,2912,2,0,2,0.2857142857,0.7142857143,0.2857142857,112.1843026
896,2952,2,0,2,0.2857142857,0.7142857143,0.2857142857,80.68430264
897,4809,1,0,1,0.1428571429,0.8571428571,0.1428571429,115.5494222
898,3223,0,0,0,0,1,0,
899,2296,2,0,2,0.2857142857,0.7142857143,0.2857142857,62.35132764
900,2589,0,0,0,0,1,0,
901,4139,2,0,2,0.2857142857,0.7142857143,0.2857142857,79.61589278
902,1226,2,0,2,0.2857142857,0.7142857143,0.1428571429,146.0494222
903,2987,2,0,2,0.2857142857,0.7142857143,0.2857142857,115.6843026
904,297,2,1,1,0.2857142857,0.7142857143,0.2857142857,82.44886778
905,4330,3,0,3,0.4285714286,0.5714285714,0.2857142857,60.04993861
906,4172,2,0,2,0.2857142857,0.7142857143,0.2857142857,112.6158928
907,4362,3,0,3,0.4285714286,0.5714285714,0.2857142857,92.04993861
908,998,2,0,2,0.2857142857,0.7142857143,0.2857142857,48.08323181
909,4053,0,0,0,0,1,0,
910,653,1,0,1,0.1428571429,0.8571428571,0.1428571429,137.3186667
911,1067,4,1,3,0.5714285714,0.4285714286,0.5714285714,58.69860958
912,692,0,0,0,0,1,0,
913,4832,1,0,1,0.1428571429,0.8571428571,0.1428571429,138.5494222
914,3971,0,0,0,0,1,0,
915,3708,1,0,1,0.1428571429,0.8571428571,0.1428571429,71.84779694
916,2006,4,1,3,0.5714285714,0.4285714286,0.4285714286,35.06729153
917,989,2,0,2,0.2857142857,0.7142857143,0.2857142857,39.08323181
918,1595,0,0,0,0,1,0,
919,3226,1,1,0,0.1428571429,0.8571428571,0.1428571429,2.298047222
920,2634,0,0,0,0,1,0,
921,248,1,0,1,0.1428571429,0.8571428571,0.1428571429,103.0499386
922,4260,2,1,1,0.2857142857,0.7142857143,0.2857142857,37.84101792
923,3524,0,0,0,0,1,0,
924,374,1,0,1,0.1428571429,0.8571428571,0.1428571429,89.84779694
925,3501,0,0,0,0,1,0,
926,3123,0,0,0,0,1,0,
927,1963,3,1,2,0.4285714286,0.5714285714,0.4285714286,90.54942222
928,4177,2,0,2,0.2857142857,0.7142857143,0.2857142857,117.6158928
929,3385,3,0,3,0.4285714286,0.5714285714,0.2857142857,136.0499386
930,2459,0,0,0,0,1,0,
931,3074,1,0,1,0.1428571429,0.8571428571,0.1428571429,154.3186667
932,1959,2,0,2,0.2857142857,0.7142857143,0.2857142857,124.9667054
933,3483,0,0,0,0,1,0,
934,568,1,0,1,0.1428571429,0.8571428571,0.1428571429,52.31866667
935,1813,1,0,1,0.1428571429,0.8571428571,0.1428571429,17.38398861
936,3139,0,0,0,0,1,0,
937,2814,2,1,1,0.2857142857,0.7142857143,0.2857142857,26.80835694
938,3485,0,0,0,0,1,0,
939,4337,3,0,3,0.4285714286,0.5714285714,0.2857142857,67.04993861
940,3421,1,0,1,0.1428571429,0.8571428571,0.1428571429,135.3839886
941,2227,1,1,0,0.1428571429,0.8571428571,0.1428571429,5.383988611
942,3969,0,0,0,0,1,0,
943,295,2,1,1,0.2857142857,0.7142857143,0.2857142857,80.44886778
944,2610,0,0,0,0,1,0,
945,2266,2,1,1,0.2857142857,0.7142857143,0.2857142857,32.35132764
946,4895,0,0,0,0,1,0,
947,3843,0,0,0,0,1,0,
948,2510,0,0,0,0,1,0,
949,2073,3,0,3,0.4285714286,0.5714285714,0.2857142857,67.31866667
950,4376,2,0,2,0.2857142857,0.7142857143,0.1428571429,84.54993861
951,4894,0,0,0,0,1,0,
952,883,1,0,1,0.1428571429,0.8571428571,0.1428571429,67.84779694
953,1783,0,0,0,0,1,0,
954,1281,0,0,0,0,1,0,
955,1624,0,0,0,0,1,0,
956,4473,1,0,1,0.1428571429,0.8571428571,0.1428571429,160.0499386
957,4600,1,0,1,0.1428571429,0.8571428571,0.1428571429,47.04993861
958,3209,0,0,0,0,1,0,
959,4592,1,0,1,0.1428571429,0.8571428571,0.1428571429,39.04993861
960,3472,0,0,0,0,1,0,
961,1300,0,0,0,0,1,0,
962,4654,1,0,1,0.1428571429,0.8571428571,0.1428571429,101.0499386
963,693,0,0,0,0,1,0,
964,2348,2,0,2,0.2857142857,0.7142857143,0.2857142857,114.3513276
965,2726,0,0,0,0,1,0,
966,1053,3,0,3,0.4285714286,0.5714285714,0.4285714286,94.84779694
967,3213,0,0,0,0,1,0,
968,3696,1,0,1,0.1428571429,0.8571428571,0.1428571429,59.84779694
969,358,1,0,1,0.1428571429,0.8571428571,0.1428571429,73.84779694
970,3092,0,0,0,0,1,0,
971,833,1,1,0,0.1428571429,0.8571428571,0.1428571429,17.84779694
972,4804,1,0,1,0.1428571429,0.8571428571,0.1428571429,110.5494222
973,2688,0,0,0,0,1,0,
974,1500,1,0,1,0.1428571429,0.8571428571,0.1428571429,158.5494222
975,1976,2,1,1,0.2857142857,0.7142857143,0.2857142857,58.43404444
976,2068,3,0,3,0.4285714286,0.5714285714,0.2857142857,62.31866667
977,2450,0,0,0,0,1,0,
978,3891,0,0,0,0,1,0,
979,398,1,0,1,0.1428571429,0.8571428571,0.1428571429,113.8477969
980,1910,2,1,1,0.2857142857,0.7142857143,0.2857142857,75.96670542
981,2420,0,0,0,0,1,0,
982,821,1,1,0,0.1428571429,0.8571428571,0.1428571429,5.847796944
983,695,0,0,0,0,1,0,
984,182,3,0,3,0.4285714286,0.5714285714,0.4285714286,137.8477969
985,4379,2,0,2,0.2857142857,0.7142857143,0.1428571429,87.54993861
986,2786,1,1,0,0.1428571429,0.8571428571,0.1428571429,9.318666667
987,4708,2,0,2,0.2857142857,0.7142857143,0.2857142857,84.79968042
988,4758,1,0,1,0.1428571429,0.8571428571,0.1428571429,64.54942222
989,4385,2,0,2,0.2857142857,0.7142857143,0.1428571429,93.54993861
990,3195,0,0,0,0,1,0,
991,2946,2,0,2,0.2857142857,0.7142857143,0.2857142857,74.68430264
992,426,1,0,1,0.1428571429,0.8571428571,0.1428571429,141.8477969
993,3809,0,0,0,0,1,0,
994,1879,2,1,1,0.2857142857,0.7142857143,0.2857142857,44.96670542
995,314,1,0,1,0.1428571429,0.8571428571,0.1428571429,29.84779694
996,491,0,0,0,0,1,0,
997,1159,2,0,2,0.2857142857,0.7142857143,0.1428571429,79.04942222
998,954,2,1,1,0.2857142857,0.7142857143,0.2857142857,75.58323181
999,4893,0,0,0,0,1,0,
1000,1964,2,1,1,0.2857142857,0.7142857143,0.2857142857,46.43404444
