repetition,shift_hours,associated_episode_count,associated_episode_fraction
1,297,1,0.1428571429
2,4384,0,0
3,3221,2,0.2857142857
4,547,1,0.1428571429
5,278,1,0.1428571429
6,1580,0,0
7,4704,1,0.1428571429
8,1680,2,0.2857142857
9,4087,2,0.2857142857
10,4903,3,0.4285714286
11,1072,0,0
12,2639,0,0
13,3085,3,0.4285714286
14,1129,0,0
15,724,2,0.2857142857
16,4659,1,0.1428571429
17,4516,1,0.1428571429
18,3608,1,0.1428571429
19,3999,4,0.5714285714
20,2571,0,0
21,4031,3,0.4285714286
22,1896,0,0
23,4909,3,0.4285714286
24,1054,0,0
25,1714,2,0.2857142857
26,4833,1,0.1428571429
27,2168,2,0.2857142857
28,726,2,0.2857142857
29,2402,0,0
30,656,2,0.2857142857
31,355,1,0.1428571429
32,2677,1,0.1428571429
33,1415,1,0.1428571429
34,2183,2,0.2857142857
35,4422,1,0.1428571429
36,3933,2,0.2857142857
37,3337,0,0
38,1149,0,0
39,4601,0,0
40,1489,1,0.1428571429
41,4050,3,0.4285714286
42,1528,1,0.1428571429
43,4435,1,0.1428571429
44,1342,1,0.1428571429
45,3636,1,0.1428571429
46,1081,0,0
47,4268,0,0
48,1680,2,0.2857142857
49,2119,2,0.2857142857
50,4026,3,0.4285714286
51,2758,2,0.2857142857
52,2501,0,0
53,1328,1,0.1428571429
54,3804,0,0
55,2044,1,0.1428571429
56,4368,0,0
57,3092,3,0.4285714286
58,2927,2,0.2857142857
59,4787,2,0.2857142857
60,3764,1,0.1428571429
61,1861,0,0
62,1045,0,0
63,3937,2,0.2857142857
64,2478,0,0
65,3447,0,0
66,4549,1,0.1428571429
67,609,1,0.1428571429
68,4895,3,0.4285714286
69,2604,0,0
70,4236,1,0.1428571429
71,2395,0,0
72,4517,1,0.1428571429
73,1525,1,0.1428571429
74,4090,2,0.2857142857
75,1583,0,0
76,1790,3,0.4285714286
77,769,3,0.4285714286
78,2284,2,0.2857142857
79,4530,1,0.1428571429
80,3760,1,0.1428571429
81,989,2,0.2857142857
82,4001,4,0.5714285714
83,513,1,0.1428571429
84,3694,1,0.1428571429
85,864,2,0.2857142857
86,2009,1,0.1428571429
87,747,2,0.2857142857
88,4474,1,0.1428571429
89,2840,1,0.1428571429
90,4869,1,0.1428571429
91,2768,2,0.2857142857
92,996,2,0.2857142857
93,827,2,0.2857142857
94,2549,0,0
95,4665,1,0.1428571429
96,2479,0,0
97,3032,3,0.4285714286
98,1916,0,0
99,1540,1,0.1428571429
100,3238,2,0.2857142857
101,979,2,0.2857142857
102,1822,2,0.2857142857
103,2231,2,0.2857142857
104,556,0,0
105,4396,0,0
106,840,1,0.1428571429
107,3412,0,0
108,622,1,0.1428571429
109,3198,2,0.2857142857
110,3648,1,0.1428571429
111,1247,0,0
112,740,2,0.2857142857
113,3777,0,0
114,203,0,0
115,2004,1,0.1428571429
116,4265,1,0.1428571429
117,4240,1,0.1428571429
118,4516,1,0.1428571429
119,3051,4,0.5714285714
120,4540,1,0.1428571429
121,2223,2,0.2857142857
122,3485,0,0
123,2189,2,0.2857142857
124,1827,2,0.2857142857
125,3169,2,0.2857142857
126,3874,2,0.2857142857
127,1153,0,0
128,4422,1,0.1428571429
129,956,2,0.2857142857
130,576,0,0
131,728,2,0.2857142857
132,4164,1,0.1428571429
133,3195,2,0.2857142857
134,3008,3,0.4285714286
135,4908,3,0.4285714286
136,2464,0,0
137,2749,2,0.2857142857
138,4402,1,0.1428571429
139,2951,2,0.2857142857
140,2027,1,0.1428571429
141,620,1,0.1428571429
142,3615,1,0.1428571429
143,4503,1,0.1428571429
144,1384,1,0.1428571429
145,311,1,0.1428571429
146,4067,2,0.2857142857
147,276,1,0.1428571429
148,2492,0,0
149,615,1,0.1428571429
150,3228,2,0.2857142857
151,3552,0,0
152,953,2,0.2857142857
153,1049,0,0
154,4434,1,0.1428571429
155,4639,1,0.1428571429
156,4687,1,0.1428571429
157,2190,2,0.2857142857
158,1016,2,0.2857142857
159,953,2,0.2857142857
160,4763,1,0.1428571429
161,885,1,0.1428571429
162,3680,1,0.1428571429
163,4630,1,0.1428571429
164,2177,2,0.2857142857
165,691,2,0.2857142857
166,4034,3,0.4285714286
167,1175,0,0
168,2694,1,0.1428571429
169,4296,0,0
170,3225,2,0.2857142857
171,2706,1,0.1428571429
172,1106,0,0
173,1227,0,0
174,567,0,0
175,3816,1,0.1428571429
176,2626,0,0
177,1365,1,0.1428571429
178,4323,0,0
179,2031,1,0.1428571429
180,4575,0,0
181,4616,0,0
182,1482,1,0.1428571429
183,579,0,0
184,368,2,0.2857142857
185,2689,1,0.1428571429
186,3781,0,0
187,524,1,0.1428571429
188,2954,3,0.4285714286
189,2772,2,0.2857142857
190,284,1,0.1428571429
191,2706,1,0.1428571429
192,3302,0,0
193,1482,1,0.1428571429
194,4352,0,0
195,4599,0,0
196,737,2,0.2857142857
197,806,2,0.2857142857
198,4194,1,0.1428571429
199,3794,0,0
200,1846,1,0.1428571429
201,1964,0,0
202,1205,0,0
203,3682,1,0.1428571429
204,3542,0,0
205,2075,1,0.1428571429
206,2949,2,0.2857142857
207,409,2,0.2857142857
208,4669,1,0.1428571429
209,1303,1,0.1428571429
210,4277,0,0
211,2495,0,0
212,2447,0,0
213,2134,2,0.2857142857
214,1560,0,0
215,619,1,0.1428571429
216,917,2,0.2857142857
217,2205,2,0.2857142857
218,943,2,0.2857142857
219,2144,3,0.4285714286
220,319,1,0.1428571429
221,215,0,0
222,319,1,0.1428571429
223,2839,1,0.1428571429
224,2737,1,0.1428571429
225,1274,0,0
226,4061,2,0.2857142857
227,4420,1,0.1428571429
228,4779,2,0.2857142857
229,3899,2,0.2857142857
230,1558,0,0
231,4721,1,0.1428571429
232,317,1,0.1428571429
233,804,2,0.2857142857
234,1869,0,0
235,1183,0,0
236,846,1,0.1428571429
237,3294,0,0
238,4152,1,0.1428571429
239,2137,2,0.2857142857
240,4348,0,0
241,3339,0,0
242,1284,1,0.1428571429
243,4045,3,0.4285714286
244,3626,1,0.1428571429
245,1002,2,0.2857142857
246,2263,2,0.2857142857
247,2682,1,0.1428571429
248,2540,0,0
249,4336,0,0
250,3121,1,0.1428571429
251,2936,2,0.2857142857
252,2739,2,0.2857142857
253,4050,3,0.4285714286
254,4437,1,0.1428571429
255,3283,1,0.1428571429
256,994,2,0.2857142857
257,3133,1,0.1428571429
258,2511,0,0
259,3505,0,0
260,2965,3,0.4285714286
261,4541,1,0.1428571429
262,728,2,0.2857142857
263,3186,2,0.2857142857
264,3628,1,0.1428571429
265,2779,2,0.2857142857
266,4492,1,0.1428571429
267,3887,2,0.2857142857
268,3973,4,0.5714285714
269,189,0,0
270,1773,3,0.4285714286
271,3660,1,0.1428571429
272,1835,2,0.2857142857
273,2300,1,0.1428571429
274,721,2,0.2857142857
275,218,0,0
276,4106,3,0.4285714286
277,4795,2,0.2857142857
278,3412,0,0
279,2224,2,0.2857142857
280,1303,1,0.1428571429
281,3788,0,0
282,724,2,0.2857142857
283,2865,0,0
284,1690,2,0.2857142857
285,1880,0,0
286,3732,1,0.1428571429
287,3457,0,0
288,938,2,0.2857142857
289,2567,0,0
290,2467,0,0
291,915,2,0.2857142857
292,2137,2,0.2857142857
293,3064,4,0.5714285714
294,4001,4,0.5714285714
295,2552,0,0
296,1130,0,0
297,3170,2,0.2857142857
298,2284,2,0.2857142857
299,4027,3,0.4285714286
300,1245,0,0
301,4126,2,0.2857142857
302,3218,2,0.2857142857
303,4287,0,0
304,1067,0,0
305,1923,0,0
306,1606,0,0
307,4193,1,0.1428571429
308,4538,1,0.1428571429
309,3490,0,0
310,3789,0,0
311,4368,0,0
312,1334,1,0.1428571429
313,4576,0,0
314,3761,1,0.1428571429
315,2816,2,0.2857142857
316,1439,2,0.2857142857
317,4445,1,0.1428571429
318,2764,2,0.2857142857
319,3397,0,0
320,2574,0,0
321,1375,1,0.1428571429
322,4393,0,0
323,1669,1,0.1428571429
324,513,1,0.1428571429
325,2343,0,0
326,830,2,0.2857142857
327,3806,0,0
328,4156,1,0.1428571429
329,3709,1,0.1428571429
330,901,1,0.1428571429
331,3605,1,0.1428571429
332,591,0,0
333,1505,1,0.1428571429
334,755,2,0.2857142857
335,1751,3,0.4285714286
336,2745,2,0.2857142857
337,3648,1,0.1428571429
338,592,0,0
339,1128,0,0
340,4449,1,0.1428571429
341,557,0,0
342,405,2,0.2857142857
343,1876,0,0
344,3161,1,0.1428571429
345,455,1,0.1428571429
346,528,1,0.1428571429
347,4757,1,0.1428571429
348,1637,0,0
349,2149,3,0.4285714286
350,3300,0,0
351,3510,0,0
352,2392,0,0
353,3316,0,0
354,3995,4,0.5714285714
355,1620,0,0
356,1774,3,0.4285714286
357,4311,0,0
358,2615,0,0
359,1469,1,0.1428571429
360,3883,2,0.2857142857
361,1141,0,0
362,1382,1,0.1428571429
363,3636,1,0.1428571429
364,1139,0,0
365,4817,1,0.1428571429
366,3029,3,0.4285714286
367,358,1,0.1428571429
368,2629,0,0
369,2679,1,0.1428571429
370,4017,3,0.4285714286
371,3681,1,0.1428571429
372,2951,2,0.2857142857
373,4037,3,0.4285714286
374,3391,0,0
375,3616,1,0.1428571429
376,532,1,0.1428571429
377,4491,1,0.1428571429
378,896,1,0.1428571429
379,1412,1,0.1428571429
380,1105,0,0
381,2479,0,0
382,1187,0,0
383,1718,3,0.4285714286
384,989,2,0.2857142857
385,4178,1,0.1428571429
386,1505,1,0.1428571429
387,520,1,0.1428571429
388,268,1,0.1428571429
389,2125,2,0.2857142857
390,3689,1,0.1428571429
391,1117,0,0
392,1541,1,0.1428571429
393,3149,1,0.1428571429
394,217,0,0
395,4549,1,0.1428571429
396,1133,0,0
397,729,2,0.2857142857
398,4318,0,0
399,4688,1,0.1428571429
400,2685,1,0.1428571429
401,3464,0,0
402,4787,2,0.2857142857
403,4849,1,0.1428571429
404,4308,0,0
405,2080,1,0.1428571429
406,3065,4,0.5714285714
407,1694,2,0.2857142857
408,483,1,0.1428571429
409,1248,0,0
410,4138,2,0.2857142857
411,1821,2,0.2857142857
412,2076,1,0.1428571429
413,4319,0,0
414,4896,3,0.4285714286
415,469,1,0.1428571429
416,2552,0,0
417,4455,1,0.1428571429
418,4510,1,0.1428571429
419,4330,0,0
420,3210,2,0.2857142857
421,229,1,0.1428571429
422,3268,1,0.1428571429
423,920,2,0.2857142857
424,1356,1,0.1428571429
425,1726,3,0.4285714286
426,3608,1,0.1428571429
427,3882,2,0.2857142857
428,2622,0,0
429,198,0,0
430,2888,0,0
431,3632,1,0.1428571429
432,4392,0,0
433,4584,0,0
434,3201,2,0.2857142857
435,2098,2,0.2857142857
436,3719,1,0.1428571429
437,1534,1,0.1428571429
438,4022,3,0.4285714286
439,448,1,0.1428571429
440,4506,1,0.1428571429
441,1116,0,0
442,1768,3,0.4285714286
443,605,1,0.1428571429
444,4217,1,0.1428571429
445,4398,0,0
446,2183,2,0.2857142857
447,720,2,0.2857142857
448,1502,1,0.1428571429
449,1449,1,0.1428571429
450,1791,3,0.4285714286
451,4724,1,0.1428571429
452,4877,3,0.4285714286
453,862,2,0.2857142857
454,1937,0,0
455,2966,3,0.4285714286
456,4476,1,0.1428571429
457,4612,0,0
458,366,2,0.2857142857
459,4894,3,0.4285714286
460,3723,1,0.1428571429
461,3042,4,0.5714285714
462,1684,2,0.2857142857
463,2795,2,0.2857142857
464,4755,1,0.1428571429
465,2843,1,0.1428571429
466,834,2,0.2857142857
467,3035,3,0.4285714286
468,3029,3,0.4285714286
469,355,1,0.1428571429
470,3301,0,0
471,2590,0,0
472,337,1,0.1428571429
473,4076,2,0.2857142857
474,3991,4,0.5714285714
475,3551,0,0
476,2383,0,0
477,2688,1,0.1428571429
478,2432,0,0
479,1720,3,0.4285714286
480,1011,2,0.2857142857
481,1237,0,0
482,1355,1,0.1428571429
483,1686,2,0.2857142857
484,2585,0,0
485,2264,2,0.2857142857
486,4726,1,0.1428571429
487,681,2,0.2857142857
488,4868,1,0.1428571429
489,260,1,0.1428571429
490,1832,2,0.2857142857
491,3237,2,0.2857142857
492,941,2,0.2857142857
493,1160,0,0
494,1653,0,0
495,3528,0,0
496,3523,0,0
497,4506,1,0.1428571429
498,2336,0,0
499,574,0,0
500,3624,1,0.1428571429
501,1836,2,0.2857142857
502,888,1,0.1428571429
503,4284,0,0
504,487,1,0.1428571429
505,4739,1,0.1428571429
506,1043,0,0
507,4584,0,0
508,3597,1,0.1428571429
509,3288,0,0
510,1176,0,0
511,3098,3,0.4285714286
512,4040,3,0.4285714286
513,3602,1,0.1428571429
514,3546,0,0
515,4742,1,0.1428571429
516,4311,0,0
517,2205,2,0.2857142857
518,2514,0,0
519,3575,1,0.1428571429
520,4036,3,0.4285714286
521,741,2,0.2857142857
522,1747,3,0.4285714286
523,569,0,0
524,3248,1,0.1428571429
525,3214,2,0.2857142857
526,834,2,0.2857142857
527,1850,1,0.1428571429
528,3008,3,0.4285714286
529,3291,0,0
530,3452,0,0
531,862,2,0.2857142857
532,424,2,0.2857142857
533,3859,2,0.2857142857
534,4265,1,0.1428571429
535,4614,0,0
536,2172,2,0.2857142857
537,1068,0,0
538,2626,0,0
539,2846,1,0.1428571429
540,2594,0,0
541,2897,0,0
542,663,2,0.2857142857
543,3382,0,0
544,1137,0,0
545,2656,0,0
546,4626,0,0
547,547,1,0.1428571429
548,4897,3,0.4285714286
549,4503,1,0.1428571429
550,4545,1,0.1428571429
551,3181,2,0.2857142857
552,3115,2,0.2857142857
553,2615,0,0
554,1280,1,0.1428571429
555,2098,2,0.2857142857
556,1724,3,0.4285714286
557,432,1,0.1428571429
558,2375,0,0
559,2243,2,0.2857142857
560,2947,2,0.2857142857
561,1069,0,0
562,2347,0,0
563,2391,0,0
564,4165,1,0.1428571429
565,3048,4,0.5714285714
566,1961,0,0
567,2151,3,0.4285714286
568,1490,1,0.1428571429
569,4752,1,0.1428571429
570,4469,1,0.1428571429
571,2317,0,0
572,3022,3,0.4285714286
573,4895,3,0.4285714286
574,2112,2,0.2857142857
575,3640,1,0.1428571429
576,331,1,0.1428571429
577,3105,2,0.2857142857
578,3835,1,0.1428571429
579,4098,2,0.2857142857
580,941,2,0.2857142857
581,4239,1,0.1428571429
582,962,2,0.2857142857
583,3018,3,0.4285714286
584,3150,1,0.1428571429
585,2439,0,0
586,1053,0,0
587,1970,0,0
588,4680,1,0.1428571429
589,994,2,0.2857142857
590,513,1,0.1428571429
591,4441,1,0.1428571429
592,1795,3,0.4285714286
593,637,1,0.1428571429
594,1617,0,0
595,4006,4,0.5714285714
596,3264,1,0.1428571429
597,2952,3,0.4285714286
598,652,2,0.2857142857
599,1123,0,0
600,171,0,0
601,550,1,0.1428571429
602,4515,1,0.1428571429
603,1602,0,0
604,1691,2,0.2857142857
605,2481,0,0
606,1680,2,0.2857142857
607,429,1,0.1428571429
608,1076,0,0
609,634,1,0.1428571429
610,1735,3,0.4285714286
611,4547,1,0.1428571429
612,2397,0,0
613,4506,1,0.1428571429
614,3621,1,0.1428571429
615,3858,2,0.2857142857
616,3474,0,0
617,1456,1,0.1428571429
618,612,1,0.1428571429
619,4120,3,0.4285714286
620,4498,1,0.1428571429
621,3959,3,0.4285714286
622,4334,0,0
623,307,1,0.1428571429
624,3400,0,0
625,2316,0,0
626,1918,0,0
627,231,1,0.1428571429
628,268,1,0.1428571429
629,2523,0,0
630,854,2,0.2857142857
631,3500,0,0
632,2474,0,0
633,2839,1,0.1428571429
634,4731,1,0.1428571429
635,4570,0,0
636,1418,1,0.1428571429
637,169,0,0
638,2760,2,0.2857142857
639,3292,0,0
640,2457,0,0
641,1191,0,0
642,4441,1,0.1428571429
643,4623,0,0
644,3291,0,0
645,3821,1,0.1428571429
646,3624,1,0.1428571429
647,2386,0,0
648,4281,0,0
649,3755,1,0.1428571429
650,1838,2,0.2857142857
651,4610,0,0
652,1699,2,0.2857142857
653,2744,2,0.2857142857
654,4093,2,0.2857142857
655,2442,0,0
656,748,2,0.2857142857
657,3360,0,0
658,2923,2,0.2857142857
659,2679,1,0.1428571429
660,2558,0,0
661,2888,0,0
662,1454,1,0.1428571429
663,2250,2,0.2857142857
664,1887,0,0
665,1241,0,0
666,3942,2,0.2857142857
667,1830,2,0.2857142857
668,2173,2,0.2857142857
669,1933,0,0
670,2074,1,0.1428571429
671,3147,1,0.1428571429
672,3784,0,0
673,1938,0,0
674,503,1,0.1428571429
675,1885,0,0
676,3436,0,0
677,2155,3,0.4285714286
678,3511,0,0
679,390,2,0.2857142857
680,1227,0,0
681,4682,1,0.1428571429
682,1997,1,0.1428571429
683,2192,2,0.2857142857
684,3882,2,0.2857142857
685,3007,3,0.4285714286
686,1804,2,0.2857142857
687,3289,0,0
688,1290,1,0.1428571429
689,3915,2,0.2857142857
690,2582,0,0
691,3403,0,0
692,3509,0,0
693,4254,1,0.1428571429
694,4277,0,0
695,3273,1,0.1428571429
696,3845,1,0.1428571429
697,4098,2,0.2857142857
698,2324,0,0
699,3833,1,0.1428571429
700,3905,2,0.2857142857
701,4557,1,0.1428571429
702,3088,3,0.4285714286
703,2265,2,0.2857142857
704,4519,1,0.1428571429
705,2991,3,0.4285714286
706,207,0,0
707,2435,0,0
708,611,1,0.1428571429
709,2024,1,0.1428571429
710,2529,0,0
711,662,2,0.2857142857
712,2117,2,0.2857142857
713,3281,1,0.1428571429
714,2100,2,0.2857142857
715,4149,1,0.1428571429
716,484,1,0.1428571429
717,1075,0,0
718,3245,2,0.2857142857
719,4738,1,0.1428571429
720,1060,0,0
721,952,2,0.2857142857
722,4410,1,0.1428571429
723,1047,0,0
724,490,1,0.1428571429
725,4907,3,0.4285714286
726,1566,0,0
727,2049,1,0.1428571429
728,1063,0,0
729,4486,1,0.1428571429
730,1828,2,0.2857142857
731,3924,2,0.2857142857
732,862,2,0.2857142857
733,2507,0,0
734,1624,0,0
735,2966,3,0.4285714286
736,946,2,0.2857142857
737,4392,0,0
738,235,1,0.1428571429
739,409,2,0.2857142857
740,381,2,0.2857142857
741,4214,1,0.1428571429
742,784,3,0.4285714286
743,3169,2,0.2857142857
744,3755,1,0.1428571429
745,1075,0,0
746,3083,3,0.4285714286
747,1265,0,0
748,1280,1,0.1428571429
749,3786,0,0
750,4019,3,0.4285714286
751,2312,0,0
752,2294,1,0.1428571429
753,1285,1,0.1428571429
754,4243,1,0.1428571429
755,1813,2,0.2857142857
756,2853,1,0.1428571429
757,1419,1,0.1428571429
758,3430,0,0
759,2965,3,0.4285714286
760,4810,1,0.1428571429
761,3354,0,0
762,3352,0,0
763,2108,2,0.2857142857
764,3321,0,0
765,1671,1,0.1428571429
766,3566,0,0
767,4269,0,0
768,967,2,0.2857142857
769,4003,4,0.5714285714
770,574,0,0
771,4661,1,0.1428571429
772,3775,1,0.1428571429
773,3337,0,0
774,3850,1,0.1428571429
775,2472,0,0
776,4038,3,0.4285714286
777,445,1,0.1428571429
778,803,2,0.2857142857
779,4711,1,0.1428571429
780,3765,1,0.1428571429
781,3952,2,0.2857142857
782,3596,1,0.1428571429
783,3173,2,0.2857142857
784,3926,2,0.2857142857
785,2883,0,0
786,4710,1,0.1428571429
787,4072,2,0.2857142857
788,2932,2,0.2857142857
789,4809,1,0.1428571429
790,3825,1,0.1428571429
791,2441,0,0
792,907,2,0.2857142857
793,2925,2,0.2857142857
794,3361,0,0
795,1411,1,0.1428571429
796,3295,0,0
797,3976,4,0.5714285714
798,3666,1,0.1428571429
799,4714,1,0.1428571429
800,1759,3,0.4285714286
801,2079,1,0.1428571429
802,1514,1,0.1428571429
803,2600,0,0
804,1099,0,0
805,3468,0,0
806,3472,0,0
807,352,1,0.1428571429
808,2557,0,0
809,1952,0,0
810,4065,2,0.2857142857
811,2371,0,0
812,2962,3,0.4285714286
813,2594,0,0
814,674,2,0.2857142857
815,2586,0,0
816,3078,3,0.4285714286
817,3321,0,0
818,676,2,0.2857142857
819,702,2,0.2857142857
820,4771,2,0.2857142857
821,2957,3,0.4285714286
822,2559,0,0
823,4195,1,0.1428571429
824,3151,1,0.1428571429
825,3427,0,0
826,3797,0,0
827,173,0,0
828,4154,1,0.1428571429
829,691,2,0.2857142857
830,3749,1,0.1428571429
831,1976,0,0
832,1960,0,0
833,1162,0,0
834,1436,2,0.2857142857
835,1967,0,0
836,1910,0,0
837,604,1,0.1428571429
838,1882,0,0
839,1437,2,0.2857142857
840,2321,0,0
841,4443,1,0.1428571429
842,4362,0,0
843,421,2,0.2857142857
844,4278,0,0
845,3881,2,0.2857142857
846,3809,0,0
847,1192,0,0
848,2464,0,0
849,2315,0,0
850,4212,1,0.1428571429
851,1684,2,0.2857142857
852,2906,1,0.1428571429
853,1942,0,0
854,1903,0,0
855,4445,1,0.1428571429
856,1544,1,0.1428571429
857,2986,3,0.4285714286
858,3206,2,0.2857142857
859,2771,2,0.2857142857
860,1786,3,0.4285714286
861,2243,2,0.2857142857
862,4251,1,0.1428571429
863,889,1,0.1428571429
864,523,1,0.1428571429
865,2505,0,0
866,1147,0,0
867,2706,1,0.1428571429
868,3928,2,0.2857142857
869,451,1,0.1428571429
870,1477,1,0.1428571429
871,948,2,0.2857142857
872,409,2,0.2857142857
873,4690,1,0.1428571429
874,3042,4,0.5714285714
875,4531,1,0.1428571429
876,1059,0,0
877,1767,3,0.4285714286
878,4129,2,0.2857142857
879,1148,0,0
880,2818,2,0.2857142857
881,2424,0,0
882,1355,1,0.1428571429
883,4778,2,0.2857142857
884,2504,0,0
885,4875,2,0.2857142857
886,4898,3,0.4285714286
887,1530,1,0.1428571429
888,929,2,0.2857142857
889,1166,0,0
890,4585,0,0
891,3591,1,0.1428571429
892,1274,0,0
893,1442,2,0.2857142857
894,2838,1,0.1428571429
895,1610,0,0
896,3930,2,0.2857142857
897,1780,3,0.4285714286
898,3695,1,0.1428571429
899,2253,2,0.2857142857
900,3640,1,0.1428571429
901,3600,1,0.1428571429
902,4162,1,0.1428571429
903,3843,1,0.1428571429
904,3258,1,0.1428571429
905,4567,0,0
906,2152,3,0.4285714286
907,2621,0,0
908,1540,1,0.1428571429
909,4823,1,0.1428571429
910,887,1,0.1428571429
911,511,1,0.1428571429
912,518,1,0.1428571429
913,2888,0,0
914,4157,1,0.1428571429
915,235,1,0.1428571429
916,2260,2,0.2857142857
917,1094,0,0
918,4007,4,0.5714285714
919,1127,0,0
920,1643,0,0
921,2477,0,0
922,2281,2,0.2857142857
923,513,1,0.1428571429
924,2712,1,0.1428571429
925,2815,2,0.2857142857
926,2554,0,0
927,3246,1,0.1428571429
928,3035,3,0.4285714286
929,939,2,0.2857142857
930,3436,0,0
931,3107,2,0.2857142857
932,4866,1,0.1428571429
933,967,2,0.2857142857
934,249,1,0.1428571429
935,2064,1,0.1428571429
936,3264,1,0.1428571429
937,2416,0,0
938,4189,1,0.1428571429
939,3230,2,0.2857142857
940,1440,2,0.2857142857
941,382,2,0.2857142857
942,4243,1,0.1428571429
943,4616,0,0
944,3577,1,0.1428571429
945,437,1,0.1428571429
946,1888,0,0
947,2010,1,0.1428571429
948,2432,0,0
949,4105,3,0.4285714286
950,3418,0,0
951,2833,2,0.2857142857
952,1954,0,0
953,2800,2,0.2857142857
954,3858,2,0.2857142857
955,4113,3,0.4285714286
956,215,0,0
957,2364,0,0
958,3908,2,0.2857142857
959,1839,2,0.2857142857
960,1918,0,0
961,645,2,0.2857142857
962,2591,0,0
963,4744,1,0.1428571429
964,1362,1,0.1428571429
965,2796,2,0.2857142857
966,4472,1,0.1428571429
967,2884,0,0
968,743,2,0.2857142857
969,1446,1,0.1428571429
970,3750,1,0.1428571429
971,515,1,0.1428571429
972,2184,2,0.2857142857
973,3710,1,0.1428571429
974,3764,1,0.1428571429
975,3083,3,0.4285714286
976,4088,2,0.2857142857
977,4175,1,0.1428571429
978,1097,0,0
979,4786,2,0.2857142857
980,3256,1,0.1428571429
981,4345,0,0
982,4458,1,0.1428571429
983,1079,0,0
984,289,1,0.1428571429
985,3712,1,0.1428571429
986,4201,1,0.1428571429
987,3078,3,0.4285714286
988,1035,0,0
989,1623,0,0
990,1508,1,0.1428571429
991,3056,4,0.5714285714
992,1935,0,0
993,2521,0,0
994,1470,1,0.1428571429
995,284,1,0.1428571429
996,302,1,0.1428571429
997,3372,0,0
998,4677,1,0.1428571429
999,2354,0,0
1000,520,1,0.1428571429
