experiment_id,window_id,relation_id,source_id,target_id,estimator_id,direction,estimability,strength,absolute_strength,sign,sample_count,p_value,non_estimable_reason,valid_block_count,minimum_valid_blocks_met,estimable_block_fraction,sign_preservation_fraction,strength_preservation_fraction,persistence,median_block_strength,median_block_absolute_strength,loo_estimable_count,loo_sign_preservation_fraction,loo_median_absolute_strength_change,leave_one_block_out_robust,bootstrap_estimable_count,bootstrap_estimable_fraction,bootstrap_ci_lower,bootstrap_ci_upper,bootstrap_ci_width,bootstrap_interval_crosses_zero,bootstrap_interval_supports_full_sign,bootstrap_sign_support_fraction,missingness_estimable_count,missingness_estimable_fraction,missingness_sign_preservation_fraction,missingness_median_absolute_strength_change,missingness_stress_robust,classification_status,classification_reason,eligible_condition_count_met,eligible_condition_count_total,candidate_condition_count_met,candidate_condition_count_total,failed_eligible_conditions,failed_candidate_conditions,condition_estimable_on_full_baseline,condition_eligible_strength,condition_candidate_strength,condition_minimum_valid_blocks_met,condition_eligible_estimable_block_fraction,condition_eligible_sign_preservation,condition_eligible_persistence,condition_candidate_persistence,condition_eligible_ci_width,condition_candidate_ci_width,condition_eligible_interval_sign_support,condition_leave_one_block_out_robust,condition_missingness_stress_robust
CGIE3_ID_02,1d,spearman::depth_mad_km--event_count,depth_mad_km,event_count,spearman,undirected,estimable,-0.0246149832,0.0246149832,-1,3853,0.126599419,,12,True,1,0.5833333333,0.1666666667,0.1666666667,-0.02177183836,0.08165563861,12,1,0.01255061514,True,500,1,-0.1249290017,0.07643293357,0.2013619353,True,False,0.684,100,1,1,0.003578791708,True,rejected,eligible_and_candidate_conditions_not_met,6,10,2,4,eligible_strength|eligible_sign_preservation|eligible_persistence|eligible_interval_sign_support,candidate_strength|candidate_persistence,True,False,False,True,True,False,False,False,True,True,False,True,True
CGIE3_ID_02,1d,spearman::depth_mad_km--interevent_time_mad_hours,depth_mad_km,interevent_time_mad_hours,spearman,undirected,estimable,-0.03287475103,0.03287475103,-1,3853,0.04129969303,,12,True,1,0.8333333333,0.1666666667,0.1666666667,-0.05510520722,0.0657646771,12,1,0.007483894897,True,500,1,-0.1231279046,0.05161682857,0.1747447332,True,False,0.746,100,1,1,0.004186265351,True,rejected,eligible_and_candidate_conditions_not_met,7,10,2,4,eligible_strength|eligible_persistence|eligible_interval_sign_support,candidate_strength|candidate_persistence,True,False,False,True,True,True,False,False,True,True,False,True,True
CGIE3_ID_02,1d,spearman::depth_mad_km--log10_cumulative_energy_joule,depth_mad_km,log10_cumulative_energy_joule,spearman,undirected,estimable,-0.1337919797,0.1337919797,-1,3853,7.452264568e-17,,12,True,1,0.75,0.4166666667,0.4166666667,-0.1519488207,0.1519488207,12,1,0.01969497267,True,500,1,-0.2411916548,-0.01373743414,0.2274542207,False,True,0.99,100,1,1,0.003549039978,True,rejected,eligible_and_candidate_conditions_not_met,8,10,2,4,eligible_strength|eligible_persistence,candidate_strength|candidate_persistence,True,False,False,True,True,True,False,False,True,True,True,True,True
CGIE3_ID_02,1d,spearman::depth_mad_km--maximum_magnitude,depth_mad_km,maximum_magnitude,spearman,undirected,estimable,-0.140745838,0.140745838,-1,3853,1.673865137e-18,,12,True,1,0.6666666667,0.5,0.5,-0.1737871222,0.1737871222,12,1,0.02158890833,True,500,1,-0.2537789154,-0.01751356091,0.2362653545,False,True,0.988,100,1,1,0.003225792167,True,rejected,eligible_and_candidate_conditions_not_met,7,10,3,4,eligible_strength|eligible_sign_preservation|eligible_persistence,candidate_strength,True,False,False,True,True,False,False,True,True,True,True,True,True
CGIE3_ID_02,1d,spearman::depth_mad_km--median_depth_km,depth_mad_km,median_depth_km,spearman,undirected,estimable,-0.1166979594,0.1166979594,-1,3853,3.696690829e-13,,12,True,1,0.6666666667,0.5,0.3333333333,-0.1244456207,0.1969324544,12,1,0.007855377748,True,500,1,-0.2352008935,-0.008615469455,0.226585424,False,True,0.988,100,1,1,0.00377801791,True,rejected,eligible_and_candidate_conditions_not_met,7,10,2,4,eligible_strength|eligible_sign_preservation|eligible_persistence,candidate_strength|candidate_persistence,True,False,False,True,True,False,False,False,True,True,True,True,True
CGIE3_ID_02,1d,spearman::depth_mad_km--median_interevent_time_hours,depth_mad_km,median_interevent_time_hours,spearman,undirected,estimable,0.1592638527,0.1592638527,1,3853,2.618657125e-23,,12,True,1,0.9166666667,0.4166666667,0.4166666667,0.1100818641,0.1100818641,12,1,0.008535636975,True,500,1,0.05383118825,0.2531686932,0.199337505,False,True,1,100,1,1,0.004138377002,True,rejected,eligible_and_candidate_conditions_not_met,8,10,2,4,eligible_strength|eligible_persistence,candidate_strength|candidate_persistence,True,False,False,True,True,True,False,False,True,True,True,True,True
CGIE3_ID_02,1d,spearman::depth_mad_km--spatial_dispersion_km,depth_mad_km,spatial_dispersion_km,spearman,undirected,estimable,0.300418432,0.300418432,1,3853,3.416408906e-81,,12,True,1,1,0.8333333333,0.8333333333,0.3696222145,0.3696222145,12,1,0.007225786263,True,500,1,0.2029557301,0.392632199,0.1896764689,False,True,1,100,1,1,0.003495873408,True,eligible,all_frozen_eligible_conditions_met,10,10,4,4,,,True,True,True,True,True,True,True,True,True,True,True,True,True
CGIE3_ID_02,1d,spearman::event_count--interevent_time_mad_hours,event_count,interevent_time_mad_hours,spearman,undirected,estimable,0.4971858071,0.4971858071,1,3853,9.243194981e-240,,12,True,1,1,0.75,0.75,0.6568765717,0.6568765717,12,1,0.02094929554,True,500,1,0.3886207566,0.5915663905,0.2029456339,False,True,1,100,1,1,0.003462198255,True,eligible,all_frozen_eligible_conditions_met,10,10,4,4,,,True,True,True,True,True,True,True,True,True,True,True,True,True
CGIE3_ID_02,1d,spearman::event_count--log10_cumulative_energy_joule,event_count,log10_cumulative_energy_joule,spearman,undirected,estimable,0.7586573147,0.7586573147,1,6076,0,,12,True,1,1,1,1,0.7312408145,0.7312408145,12,1,0.007622967938,True,500,1,0.7137471859,0.8035781804,0.08983099451,False,True,1,100,1,1,0.001389088095,True,eligible,all_frozen_eligible_conditions_met,10,10,4,4,,,True,True,True,True,True,True,True,True,True,True,True,True,True
CGIE3_ID_02,1d,spearman::event_count--maximum_magnitude,event_count,maximum_magnitude,spearman,undirected,estimable,0.675143177,0.675143177,1,6076,0,,12,True,1,1,1,1,0.6028535351,0.6028535351,12,1,0.0103256657,True,500,1,0.6126458883,0.7234633147,0.1108174264,False,True,1,100,1,1,0.001739443976,True,eligible,all_frozen_eligible_conditions_met,10,10,4,4,,,True,True,True,True,True,True,True,True,True,True,True,True,True
CGIE3_ID_02,1d,spearman::event_count--median_depth_km,event_count,median_depth_km,spearman,undirected,estimable,-0.1058501324,0.1058501324,-1,6076,1.312550072e-16,,12,True,1,0.75,0.4166666667,0.3333333333,-0.08268737633,0.1373345497,12,1,0.005413043215,True,500,1,-0.2147669251,-0.01388888128,0.2008780438,False,True,0.988,100,1,1,0.00283274695,True,rejected,eligible_and_candidate_conditions_not_met,8,10,2,4,eligible_strength|eligible_persistence,candidate_strength|candidate_persistence,True,False,False,True,True,True,False,False,True,True,True,True,True
CGIE3_ID_02,1d,spearman::event_count--median_interevent_time_hours,event_count,median_interevent_time_hours,spearman,undirected,estimable,-0.5284007872,0.5284007872,-1,3853,3.977868109e-276,,12,True,1,0.8333333333,0.8333333333,0.8333333333,-0.4643385103,0.4643385103,12,1,0.01766669531,True,500,1,-0.6118136985,-0.4301554987,0.1816581998,False,True,1,100,1,1,0.002783167956,True,eligible,all_frozen_eligible_conditions_met,10,10,4,4,,,True,True,True,True,True,True,True,True,True,True,True,True,True
CGIE3_ID_02,1d,spearman::event_count--spatial_dispersion_km,event_count,spatial_dispersion_km,spearman,undirected,estimable,-0.1208928838,0.1208928838,-1,3853,5.100426717e-14,,12,True,1,0.75,0.25,0.25,-0.0900230503,0.101219514,12,1,0.01483526976,True,500,1,-0.2197535601,-0.02691823743,0.1928353227,False,True,0.992,100,1,1,0.003969329745,True,rejected,eligible_and_candidate_conditions_not_met,8,10,2,4,eligible_strength|eligible_persistence,candidate_strength|candidate_persistence,True,False,False,True,True,True,False,False,True,True,True,True,True
CGIE3_ID_02,1d,spearman::interevent_time_mad_hours--log10_cumulative_energy_joule,interevent_time_mad_hours,log10_cumulative_energy_joule,spearman,undirected,estimable,0.2877519563,0.2877519563,1,3853,2.356700213e-74,,12,True,1,1,0.75,0.75,0.3216550232,0.3216550232,12,1,0.008005854032,True,500,1,0.2024545074,0.3742745721,0.1718200647,False,True,1,100,1,1,0.004113799501,True,candidate,candidate_conditions_met,9,10,4,4,eligible_strength,,True,False,True,True,True,True,True,True,True,True,True,True,True
CGIE3_ID_02,1d,spearman::interevent_time_mad_hours--maximum_magnitude,interevent_time_mad_hours,maximum_magnitude,spearman,undirected,estimable,0.2427518202,0.2427518202,1,3853,8.562206838e-53,,12,True,1,1,0.6666666667,0.6666666667,0.2598694996,0.2598694996,12,1,0.006760200829,True,500,1,0.1490330677,0.3276642185,0.1786311508,False,True,1,100,1,1,0.003678759284,True,candidate,candidate_conditions_met,8,10,4,4,eligible_strength|eligible_persistence,,True,False,True,True,True,True,False,True,True,True,True,True,True
CGIE3_ID_02,1d,spearman::interevent_time_mad_hours--median_depth_km,interevent_time_mad_hours,median_depth_km,spearman,undirected,estimable,0.04907210695,0.04907210695,1,3853,0.002312319317,,12,True,1,0.5,0.1666666667,0.1666666667,0.01778003384,0.1062479439,12,1,0.009003734446,True,500,1,-0.04245058388,0.1339559175,0.1764065014,True,False,0.852,100,1,1,0.003740444085,True,rejected,eligible_and_candidate_conditions_not_met,6,10,2,4,eligible_strength|eligible_sign_preservation|eligible_persistence|eligible_interval_sign_support,candidate_strength|candidate_persistence,True,False,False,True,True,False,False,False,True,True,False,True,True
CGIE3_ID_02,1d,spearman::interevent_time_mad_hours--median_interevent_time_hours,interevent_time_mad_hours,median_interevent_time_hours,spearman,undirected,estimable,0.1037951435,0.1037951435,1,3853,1.059647131e-10,,12,True,1,0.6666666667,0.5833333333,0.4166666667,0.1420897002,0.212796803,12,1,0.01595596399,True,500,1,-0.01446254715,0.2230838598,0.237546407,True,False,0.964,100,1,1,0.003913518466,True,rejected,eligible_and_candidate_conditions_not_met,6,10,2,4,eligible_strength|eligible_sign_preservation|eligible_persistence|eligible_interval_sign_support,candidate_strength|candidate_persistence,True,False,False,True,True,False,False,False,True,True,False,True,True
CGIE3_ID_02,1d,spearman::interevent_time_mad_hours--spatial_dispersion_km,interevent_time_mad_hours,spatial_dispersion_km,spearman,undirected,estimable,0.2026422216,0.2026422216,1,3853,5.442948967e-37,,12,True,1,0.75,0.25,0.25,0.1174858458,0.1192014381,12,1,0.008083184865,True,500,1,0.1044575907,0.2987043834,0.1942467927,False,True,1,100,1,1,0.004188505452,True,rejected,eligible_and_candidate_conditions_not_met,8,10,3,4,eligible_strength|eligible_persistence,candidate_persistence,True,False,True,True,True,True,False,False,True,True,True,True,True
CGIE3_ID_02,1d,spearman::log10_cumulative_energy_joule--maximum_magnitude,log10_cumulative_energy_joule,maximum_magnitude,spearman,undirected,estimable,0.9858583829,0.9858583829,1,6076,0,,12,True,1,1,1,1,0.9798248525,0.9798248525,12,1,0.0005161224901,True,500,1,0.9811871805,0.9887226774,0.007535496964,False,True,1,100,1,1,0.0001292731638,True,eligible,all_frozen_eligible_conditions_met,10,10,4,4,,,True,True,True,True,True,True,True,True,True,True,True,True,True
CGIE3_ID_02,1d,spearman::log10_cumulative_energy_joule--median_depth_km,log10_cumulative_energy_joule,median_depth_km,spearman,undirected,estimable,-0.0780764609,0.0780764609,-1,6076,1.101164948e-09,,12,True,1,0.6666666667,0.4166666667,0.3333333333,-0.08693653388,0.1664860884,12,1,0.01403328847,True,500,1,-0.1745329932,0.01288260741,0.1874156006,True,False,0.954,100,1,1,0.00270550662,True,rejected,eligible_and_candidate_conditions_not_met,6,10,2,4,eligible_strength|eligible_sign_preservation|eligible_persistence|eligible_interval_sign_support,candidate_strength|candidate_persistence,True,False,False,True,True,False,False,False,True,True,False,True,True
CGIE3_ID_02,1d,spearman::log10_cumulative_energy_joule--median_interevent_time_hours,log10_cumulative_energy_joule,median_interevent_time_hours,spearman,undirected,estimable,-0.4366162893,0.4366162893,-1,3853,3.998386679e-179,,12,True,1,1,0.8333333333,0.8333333333,-0.379528113,0.379528113,12,1,0.01228587792,True,500,1,-0.5248825507,-0.3489120081,0.1759705426,False,True,1,100,1,1,0.003236863661,True,eligible,all_frozen_eligible_conditions_met,10,10,4,4,,,True,True,True,True,True,True,True,True,True,True,True,True,True
CGIE3_ID_02,1d,spearman::log10_cumulative_energy_joule--spatial_dispersion_km,log10_cumulative_energy_joule,spatial_dispersion_km,spearman,undirected,estimable,-0.1698503062,0.1698503062,-1,3853,2.488253291e-26,,12,True,1,0.75,0.3333333333,0.3333333333,-0.1434845217,0.1487038124,12,1,0.01908670556,True,500,1,-0.2733583158,-0.06780467612,0.2055536397,False,True,0.998,100,1,1,0.004826834697,True,rejected,eligible_and_candidate_conditions_not_met,8,10,2,4,eligible_strength|eligible_persistence,candidate_strength|candidate_persistence,True,False,False,True,True,True,False,False,True,True,True,True,True
CGIE3_ID_02,1d,spearman::maximum_magnitude--median_depth_km,maximum_magnitude,median_depth_km,spearman,undirected,estimable,-0.0726415037,0.0726415037,-1,6076,1.439391746e-08,,12,True,1,0.6666666667,0.4166666667,0.3333333333,-0.09863335416,0.1654734479,12,1,0.0140788122,True,500,1,-0.1565347278,0.004429273667,0.1609640015,True,False,0.962,100,1,1,0.003244148886,True,rejected,eligible_and_candidate_conditions_not_met,6,10,2,4,eligible_strength|eligible_sign_preservation|eligible_persistence|eligible_interval_sign_support,candidate_strength|candidate_persistence,True,False,False,True,True,False,False,False,True,True,False,True,True
CGIE3_ID_02,1d,spearman::maximum_magnitude--median_interevent_time_hours,maximum_magnitude,median_interevent_time_hours,spearman,undirected,estimable,-0.4042337978,0.4042337978,-1,3853,2.018813066e-151,,12,True,1,1,0.8333333333,0.8333333333,-0.3343720126,0.3343720126,12,1,0.01147990369,True,500,1,-0.4948797703,-0.2999618044,0.1949179659,False,True,1,100,1,1,0.003049617178,True,eligible,all_frozen_eligible_conditions_met,10,10,4,4,,,True,True,True,True,True,True,True,True,True,True,True,True,True
CGIE3_ID_02,1d,spearman::maximum_magnitude--spatial_dispersion_km,maximum_magnitude,spatial_dispersion_km,spearman,undirected,estimable,-0.1686511803,0.1686511803,-1,3853,5.602225858e-26,,12,True,1,0.75,0.3333333333,0.3333333333,-0.1374747582,0.1374747582,12,1,0.0168712521,True,500,1,-0.2756085004,-0.0710765117,0.2045319887,False,True,1,100,1,1,0.003306867018,True,rejected,eligible_and_candidate_conditions_not_met,8,10,2,4,eligible_strength|eligible_persistence,candidate_strength|candidate_persistence,True,False,False,True,True,True,False,False,True,True,True,True,True
CGIE3_ID_02,1d,spearman::median_depth_km--median_interevent_time_hours,median_depth_km,median_interevent_time_hours,spearman,undirected,estimable,0.214924638,0.214924638,1,3853,1.683044904e-41,,12,True,1,0.9166666667,0.4166666667,0.4166666667,0.07749406493,0.07749406493,12,1,0.01218288981,True,500,1,0.1176643714,0.3113754461,0.1937110747,False,True,1,100,1,1,0.003391115399,True,rejected,eligible_and_candidate_conditions_not_met,8,10,3,4,eligible_strength|eligible_persistence,candidate_persistence,True,False,True,True,True,True,False,False,True,True,True,True,True
CGIE3_ID_02,1d,spearman::median_depth_km--spatial_dispersion_km,median_depth_km,spatial_dispersion_km,spearman,undirected,estimable,0.2688861285,0.2688861285,1,3853,8.3482942e-65,,12,True,1,0.9166666667,0.5833333333,0.5,0.1980179021,0.2415650688,12,1,0.02051200916,True,500,1,0.1647488578,0.3608716752,0.1961228175,False,True,1,100,1,1,0.003646692404,True,candidate,candidate_conditions_met,8,10,4,4,eligible_strength|eligible_persistence,,True,False,True,True,True,True,False,True,True,True,True,True,True
CGIE3_ID_02,1d,spearman::median_interevent_time_hours--spatial_dispersion_km,median_interevent_time_hours,spatial_dispersion_km,spearman,undirected,estimable,0.4993867358,0.4993867358,1,3853,3.341106051e-242,,12,True,1,1,1,1,0.4113286697,0.4113286697,12,1,0.01569695431,True,500,1,0.4139820696,0.5769166305,0.1629345609,False,True,1,100,1,1,0.003379057734,True,eligible,all_frozen_eligible_conditions_met,10,10,4,4,,,True,True,True,True,True,True,True,True,True,True,True,True,True
CGIE3_ID_02,30d,spearman::depth_mad_km--event_count,depth_mad_km,event_count,spearman,undirected,estimable,0.100376192,0.100376192,1,8707,6.079872422e-21,,12,True,1,0.5833333333,0.5833333333,0.5,0.1662119509,0.2773663571,12,1,0.02713524986,True,500,1,0.001886842612,0.1959549574,0.1940681148,False,True,0.976,100,1,1,0.00210675856,True,rejected,eligible_and_candidate_conditions_not_met,7,10,3,4,eligible_strength|eligible_sign_preservation|eligible_persistence,candidate_strength,True,False,False,True,True,False,False,True,True,True,True,True,True
CGIE3_ID_02,30d,spearman::depth_mad_km--interevent_time_mad_hours,depth_mad_km,interevent_time_mad_hours,spearman,undirected,estimable,-0.05250887782,0.05250887782,-1,8707,9.469668795e-07,,12,True,1,0.5,0.6666666667,0.4166666667,0.01158698369,0.2486524634,12,0.8333333333,0.02678401389,True,500,1,-0.1544007834,0.04901403309,0.2034148165,True,False,0.848,100,1,1,0.002754864245,True,rejected,eligible_and_candidate_conditions_not_met,6,10,2,4,eligible_strength|eligible_sign_preservation|eligible_persistence|eligible_interval_sign_support,candidate_strength|candidate_persistence,True,False,False,True,True,False,False,False,True,True,False,True,True
CGIE3_ID_02,30d,spearman::depth_mad_km--log10_cumulative_energy_joule,depth_mad_km,log10_cumulative_energy_joule,spearman,undirected,estimable,0.1589628733,0.1589628733,1,8707,2.23596044e-50,,12,True,1,0.75,0.6666666667,0.5,0.1367299891,0.3856510395,12,1,0.03723440187,True,500,1,0.06854309212,0.2509380504,0.1823949583,False,True,1,100,1,1,0.002544312623,True,rejected,eligible_and_candidate_conditions_not_met,8,10,3,4,eligible_strength|eligible_persistence,candidate_strength,True,False,False,True,True,True,False,True,True,True,True,True,True
CGIE3_ID_02,30d,spearman::depth_mad_km--maximum_magnitude,depth_mad_km,maximum_magnitude,spearman,undirected,estimable,0.2029324391,0.2029324391,1,8707,1.352362708e-81,,12,True,1,0.5833333333,0.5,0.25,0.107758061,0.266621071,12,1,0.04215289014,True,500,1,0.108549475,0.2952071289,0.1866576538,False,True,1,100,1,1,0.002707718642,True,rejected,eligible_and_candidate_conditions_not_met,7,10,3,4,eligible_strength|eligible_sign_preservation|eligible_persistence,candidate_persistence,True,False,True,True,True,False,False,False,True,True,True,True,True
CGIE3_ID_02,30d,spearman::depth_mad_km--median_depth_km,depth_mad_km,median_depth_km,spearman,undirected,estimable,-0.4485559896,0.4485559896,-1,8707,0,,12,True,1,0.75,0.8333333333,0.6666666667,-0.5458813203,0.5768107859,12,1,0.04223714756,True,500,1,-0.5345866763,-0.3513184127,0.1832682636,False,True,1,100,1,1,0.002311210198,True,candidate,candidate_conditions_met,9,10,4,4,eligible_persistence,,True,True,True,True,True,True,False,True,True,True,True,True,True
CGIE3_ID_02,30d,spearman::depth_mad_km--median_interevent_time_hours,depth_mad_km,median_interevent_time_hours,spearman,undirected,estimable,-0.07987057688,0.07987057688,-1,8707,8.413655282e-14,,12,True,1,0.5,0.6666666667,0.4166666667,-0.001768479942,0.3852917197,12,0.9166666667,0.03139821475,True,500,1,-0.1842457445,0.02520055651,0.209446301,True,False,0.926,100,1,1,0.002292756938,True,rejected,eligible_and_candidate_conditions_not_met,6,10,2,4,eligible_strength|eligible_sign_preservation|eligible_persistence|eligible_interval_sign_support,candidate_strength|candidate_persistence,True,False,False,True,True,False,False,False,True,True,False,True,True
CGIE3_ID_02,30d,spearman::depth_mad_km--spatial_dispersion_km,depth_mad_km,spatial_dispersion_km,spearman,undirected,estimable,-0.1237233121,0.1237233121,-1,8707,4.758975397e-31,,12,True,1,0.6666666667,0.75,0.5,-0.2048655646,0.3240122692,12,0.9166666667,0.03759686957,True,500,1,-0.2289867302,-0.02411400456,0.2048727256,False,True,0.99,100,1,1,0.002622197232,True,rejected,eligible_and_candidate_conditions_not_met,7,10,3,4,eligible_strength|eligible_sign_preservation|eligible_persistence,candidate_strength,True,False,False,True,True,False,False,True,True,True,True,True,True
CGIE3_ID_02,30d,spearman::depth_mad_km--temporal_burstiness,depth_mad_km,temporal_burstiness,spearman,undirected,estimable,0.1628290963,0.1628290963,1,8671,1.367241454e-52,,12,True,1,0.4166666667,0.6666666667,0.4166666667,-0.08803242982,0.3978059017,12,1,0.03682437658,True,500,1,0.05811163587,0.2568699378,0.1987583019,False,True,1,100,1,1,0.002172521321,True,rejected,eligible_and_candidate_conditions_not_met,7,10,2,4,eligible_strength|eligible_sign_preservation|eligible_persistence,candidate_strength|candidate_persistence,True,False,False,True,True,False,False,False,True,True,True,True,True
CGIE3_ID_02,30d,spearman::event_count--interevent_time_mad_hours,event_count,interevent_time_mad_hours,spearman,undirected,estimable,-0.7624175354,0.7624175354,-1,8707,0,,12,True,1,0.8333333333,0.8333333333,0.75,-0.4627172519,0.5195120549,12,1,0.027395754,True,500,1,-0.8141484539,-0.6936662321,0.1204822218,False,True,1,100,1,1,0.001294326669,True,eligible,all_frozen_eligible_conditions_met,10,10,4,4,,,True,True,True,True,True,True,True,True,True,True,True,True,True
CGIE3_ID_02,30d,spearman::event_count--log10_cumulative_energy_joule,event_count,log10_cumulative_energy_joule,spearman,undirected,estimable,0.3148075384,0.3148075384,1,8719,7.641809013e-200,,12,True,1,0.8333333333,1,0.8333333333,0.8076857769,0.8076857769,12,1,0.03189666078,True,500,1,0.2008479221,0.4199297246,0.2190818025,False,True,1,100,1,1,0.00272101982,True,eligible,all_frozen_eligible_conditions_met,10,10,4,4,,,True,True,True,True,True,True,True,True,True,True,True,True,True
CGIE3_ID_02,30d,spearman::event_count--maximum_magnitude,event_count,maximum_magnitude,spearman,undirected,estimable,0.2076225819,0.2076225819,1,8719,1.607429443e-85,,12,True,1,0.6666666667,0.75,0.5833333333,0.3248769718,0.5589132382,12,1,0.0290927451,True,500,1,0.0926517655,0.3198999212,0.2272481557,False,True,1,100,1,1,0.002404945024,True,candidate,candidate_conditions_met,7,10,4,4,eligible_strength|eligible_sign_preservation|eligible_persistence,,True,False,True,True,True,False,False,True,True,True,True,True,True
CGIE3_ID_02,30d,spearman::event_count--median_depth_km,event_count,median_depth_km,spearman,undirected,estimable,-0.2924734839,0.2924734839,-1,8719,1.584897242e-171,,12,True,1,0.5,0.9166666667,0.5,-0.05142003745,0.4397139228,12,1,0.03515422997,True,500,1,-0.3873616307,-0.1882414494,0.1991201812,False,True,1,100,1,1,0.002164657703,True,candidate,candidate_conditions_met,7,10,4,4,eligible_strength|eligible_sign_preservation|eligible_persistence,,True,False,True,True,True,False,False,True,True,True,True,True,True
CGIE3_ID_02,30d,spearman::event_count--median_interevent_time_hours,event_count,median_interevent_time_hours,spearman,undirected,estimable,-0.784506337,0.784506337,-1,8707,0,,12,True,1,0.9166666667,0.75,0.6666666667,-0.5629111681,0.634528773,12,1,0.02654318718,True,500,1,-0.8272003448,-0.7372399106,0.08996043423,False,True,1,100,1,1,0.001317709856,True,candidate,candidate_conditions_met,9,10,4,4,eligible_persistence,,True,True,True,True,True,True,False,True,True,True,True,True,True
CGIE3_ID_02,30d,spearman::event_count--spatial_dispersion_km,event_count,spatial_dispersion_km,spearman,undirected,estimable,-0.3093456145,0.3093456145,-1,8707,2.006684154e-192,,12,True,1,0.5833333333,0.8333333333,0.5,-0.2555574398,0.5350424943,12,1,0.04056572583,True,500,1,-0.3906265318,-0.2081176446,0.1825088873,False,True,1,100,1,1,0.001904036468,True,candidate,candidate_conditions_met,8,10,4,4,eligible_sign_preservation|eligible_persistence,,True,True,True,True,True,False,False,True,True,True,True,True,True
CGIE3_ID_02,30d,spearman::event_count--temporal_burstiness,event_count,temporal_burstiness,spearman,undirected,estimable,0.7035004302,0.7035004302,1,8671,0,,12,True,1,0.6666666667,0.8333333333,0.6666666667,0.6392965701,0.6659248307,12,1,0.01111828943,True,500,1,0.6492004178,0.7549567287,0.1057563109,False,True,1,100,1,1,0.001660914337,True,candidate,candidate_conditions_met,8,10,4,4,eligible_sign_preservation|eligible_persistence,,True,True,True,True,True,False,False,True,True,True,True,True,True
CGIE3_ID_02,30d,spearman::interevent_time_mad_hours--log10_cumulative_energy_joule,interevent_time_mad_hours,log10_cumulative_energy_joule,spearman,undirected,estimable,-0.3524839608,0.3524839608,-1,8707,4.027675094e-253,,12,True,1,0.6666666667,0.9166666667,0.6666666667,-0.4512043662,0.5685259562,12,1,0.0213722982,True,500,1,-0.4615569917,-0.2406474081,0.2209095836,False,True,1,100,1,1,0.002777408574,True,candidate,candidate_conditions_met,8,10,4,4,eligible_sign_preservation|eligible_persistence,,True,True,True,True,True,False,False,True,True,True,True,True,True
CGIE3_ID_02,30d,spearman::interevent_time_mad_hours--maximum_magnitude,interevent_time_mad_hours,maximum_magnitude,spearman,undirected,estimable,-0.2739458103,0.2739458103,-1,8707,1.07405247e-149,,12,True,1,0.8333333333,0.9166666667,0.75,-0.5158166315,0.557607769,12,1,0.02240926084,True,500,1,-0.3892055212,-0.1720122801,0.2171932411,False,True,1,100,1,1,0.00259251315,True,candidate,candidate_conditions_met,9,10,4,4,eligible_strength,,True,False,True,True,True,True,True,True,True,True,True,True,True
CGIE3_ID_02,30d,spearman::interevent_time_mad_hours--median_depth_km,interevent_time_mad_hours,median_depth_km,spearman,undirected,estimable,0.5475655167,0.5475655167,1,8707,0,,12,True,1,0.5833333333,0.9166666667,0.5,0.2522492251,0.439173597,12,1,0.03667985598,True,500,1,0.4747518984,0.6122087228,0.1374568244,False,True,1,100,1,1,0.001793700474,True,candidate,candidate_conditions_met,8,10,4,4,eligible_sign_preservation|eligible_persistence,,True,True,True,True,True,False,False,True,True,True,True,True,True
CGIE3_ID_02,30d,spearman::interevent_time_mad_hours--median_interevent_time_hours,interevent_time_mad_hours,median_interevent_time_hours,spearman,undirected,estimable,0.9768087719,0.9768087719,1,8707,0,,12,True,1,1,1,1,0.9784149311,0.9784149311,12,1,0.002000468491,True,500,1,0.942036024,0.9989163749,0.0568803509,False,True,1,100,1,1,0.000941867144,True,eligible,all_frozen_eligible_conditions_met,10,10,4,4,,,True,True,True,True,True,True,True,True,True,True,True,True,True
CGIE3_ID_02,30d,spearman::interevent_time_mad_hours--spatial_dispersion_km,interevent_time_mad_hours,spatial_dispersion_km,spearman,undirected,estimable,0.6003236393,0.6003236393,1,8707,0,,12,True,1,0.9166666667,0.8333333333,0.75,0.3869179435,0.4452382458,12,1,0.03599883516,True,500,1,0.5200714766,0.6739887925,0.1539173159,False,True,1,100,1,1,0.001868022579,True,eligible,all_frozen_eligible_conditions_met,10,10,4,4,,,True,True,True,True,True,True,True,True,True,True,True,True,True
CGIE3_ID_02,30d,spearman::interevent_time_mad_hours--temporal_burstiness,interevent_time_mad_hours,temporal_burstiness,spearman,undirected,estimable,-0.8709167861,0.8709167861,-1,8671,0,,12,True,1,0.9166666667,0.9166666667,0.9166666667,-0.7955258718,0.7955258718,12,1,0.005761509214,True,500,1,-0.8929875351,-0.843592804,0.04939473118,False,True,1,100,1,1,0.0005656106135,True,eligible,all_frozen_eligible_conditions_met,10,10,4,4,,,True,True,True,True,True,True,True,True,True,True,True,True,True
CGIE3_ID_02,30d,spearman::log10_cumulative_energy_joule--maximum_magnitude,log10_cumulative_energy_joule,maximum_magnitude,spearman,undirected,estimable,0.9721793308,0.9721793308,1,8719,0,,12,True,1,1,0.9166666667,0.9166666667,0.8806806818,0.8806806818,12,1,0.003187226539,True,500,1,0.962514535,0.977199889,0.014685354,False,True,1,100,1,1,0.0001523280396,True,eligible,all_frozen_eligible_conditions_met,10,10,4,4,,,True,True,True,True,True,True,True,True,True,True,True,True,True
CGIE3_ID_02,30d,spearman::log10_cumulative_energy_joule--median_depth_km,log10_cumulative_energy_joule,median_depth_km,spearman,undirected,estimable,-0.02590116676,0.02590116676,-1,8719,0.01558055155,,12,True,1,0.1666666667,0.75,0.1666666667,0.2988828186,0.3408224091,12,0.5,0.03741386343,False,500,1,-0.1279328093,0.077692678,0.2056254873,True,False,0.646,100,1,1,0.002634089062,True,rejected,eligible_and_candidate_conditions_not_met,5,10,2,4,eligible_strength|eligible_sign_preservation|eligible_persistence|eligible_interval_sign_support|leave_one_block_out_robust,candidate_strength|candidate_persistence,True,False,False,True,True,False,False,False,True,True,False,False,True
CGIE3_ID_02,30d,spearman::log10_cumulative_energy_joule--median_interevent_time_hours,log10_cumulative_energy_joule,median_interevent_time_hours,spearman,undirected,estimable,-0.3744843013,0.3744843013,-1,8707,5.47695398e-288,,12,True,1,0.75,0.8333333333,0.5833333333,-0.5270783913,0.6552926065,12,1,0.02014357007,True,500,1,-0.4758284986,-0.2765592463,0.1992692523,False,True,1,100,1,1,0.002646909325,True,candidate,candidate_conditions_met,9,10,4,4,eligible_persistence,,True,True,True,True,True,True,False,True,True,True,True,True,True
CGIE3_ID_02,30d,spearman::log10_cumulative_energy_joule--spatial_dispersion_km,log10_cumulative_energy_joule,spatial_dispersion_km,spearman,undirected,estimable,0.01126630962,0.01126630962,1,8707,0.2931867187,,12,True,1,0.5,0.75,0.4166666667,0.02136715131,0.5529384248,12,0.8333333333,0.03311318291,True,500,1,-0.1464264147,0.1407968836,0.2872232983,True,False,0.54,100,1,1,0.003431208276,True,rejected,eligible_and_candidate_conditions_not_met,6,10,2,4,eligible_strength|eligible_sign_preservation|eligible_persistence|eligible_interval_sign_support,candidate_strength|candidate_persistence,True,False,False,True,True,False,False,False,True,True,False,True,True
CGIE3_ID_02,30d,spearman::log10_cumulative_energy_joule--temporal_burstiness,log10_cumulative_energy_joule,temporal_burstiness,spearman,undirected,estimable,0.4489356734,0.4489356734,1,8671,0,,12,True,1,0.75,0.8333333333,0.6666666667,0.682976683,0.7055266347,12,1,0.03316864133,True,500,1,0.3675703384,0.52779116,0.1602208216,False,True,1,100,1,1,0.00185408216,True,candidate,candidate_conditions_met,9,10,4,4,eligible_persistence,,True,True,True,True,True,True,False,True,True,True,True,True,True
CGIE3_ID_02,30d,spearman::maximum_magnitude--median_depth_km,maximum_magnitude,median_depth_km,spearman,undirected,estimable,0.01251189597,0.01251189597,1,8719,0.2427326212,,12,True,1,0.75,0.9166666667,0.75,0.3053059247,0.3992987781,12,0.75,0.0259209766,True,500,1,-0.09595809263,0.1225824922,0.2185405848,True,False,0.608,100,1,1,0.002815525112,True,rejected,eligible_and_candidate_conditions_not_met,8,10,3,4,eligible_strength|eligible_interval_sign_support,candidate_strength,True,False,False,True,True,True,True,True,True,True,False,True,True
CGIE3_ID_02,30d,spearman::maximum_magnitude--median_interevent_time_hours,maximum_magnitude,median_interevent_time_hours,spearman,undirected,estimable,-0.2956620938,0.2956620938,-1,8707,3.53310127e-175,,12,True,1,0.8333333333,0.9166666667,0.75,-0.5034929382,0.6222434306,12,1,0.01971028919,True,500,1,-0.3986317505,-0.1793591234,0.2192726271,False,True,1,100,1,1,0.002428126651,True,candidate,candidate_conditions_met,9,10,4,4,eligible_strength,,True,False,True,True,True,True,True,True,True,True,True,True,True
CGIE3_ID_02,30d,spearman::maximum_magnitude--spatial_dispersion_km,maximum_magnitude,spatial_dispersion_km,spearman,undirected,estimable,0.05434841402,0.05434841402,1,8707,3.888354904e-07,,12,True,1,0.4166666667,0.6666666667,0.3333333333,-0.127490348,0.6870158303,12,0.8333333333,0.04271559426,True,500,1,-0.05629454461,0.1629942199,0.2192887645,True,False,0.836,100,1,1,0.003181707721,True,rejected,eligible_and_candidate_conditions_not_met,6,10,2,4,eligible_strength|eligible_sign_preservation|eligible_persistence|eligible_interval_sign_support,candidate_strength|candidate_persistence,True,False,False,True,True,False,False,False,True,True,False,True,True
CGIE3_ID_02,30d,spearman::maximum_magnitude--temporal_burstiness,maximum_magnitude,temporal_burstiness,spearman,undirected,estimable,0.3919860475,0.3919860475,1,8671,0,,12,True,1,0.9166666667,0.9166666667,0.8333333333,0.6719468938,0.7904603343,12,1,0.02377759692,True,500,1,0.2922270862,0.4947791797,0.2025520935,False,True,1,100,1,1,0.002636518014,True,eligible,all_frozen_eligible_conditions_met,10,10,4,4,,,True,True,True,True,True,True,True,True,True,True,True,True,True
CGIE3_ID_02,30d,spearman::median_depth_km--median_interevent_time_hours,median_depth_km,median_interevent_time_hours,spearman,undirected,estimable,0.5453375348,0.5453375348,1,8707,0,,12,True,1,0.5833333333,0.9166666667,0.5,0.2175027258,0.3937462362,12,1,0.03701063802,True,500,1,0.4667211583,0.6177515733,0.151030415,False,True,1,100,1,1,0.001954098991,True,candidate,candidate_conditions_met,8,10,4,4,eligible_sign_preservation|eligible_persistence,,True,True,True,True,True,False,False,True,True,True,True,True,True
CGIE3_ID_02,30d,spearman::median_depth_km--spatial_dispersion_km,median_depth_km,spatial_dispersion_km,spearman,undirected,estimable,0.7668159829,0.7668159829,1,8707,0,,12,True,1,0.9166666667,0.8333333333,0.8333333333,0.4268110056,0.4268110056,12,1,0.0187745797,True,500,1,0.7257431456,0.8052807094,0.07953756379,False,True,1,100,1,1,0.001011466427,True,eligible,all_frozen_eligible_conditions_met,10,10,4,4,,,True,True,True,True,True,True,True,True,True,True,True,True,True
CGIE3_ID_02,30d,spearman::median_depth_km--temporal_burstiness,median_depth_km,temporal_burstiness,spearman,undirected,estimable,-0.4632665345,0.4632665345,-1,8671,0,,12,True,1,0.4166666667,0.8333333333,0.4166666667,0.1262261297,0.4869359644,12,1,0.04202522473,True,500,1,-0.5377534244,-0.3798805055,0.1578729188,False,True,1,100,1,1,0.001836993859,True,rejected,eligible_and_candidate_conditions_not_met,8,10,3,4,eligible_sign_preservation|eligible_persistence,candidate_persistence,True,True,True,True,True,False,False,False,True,True,True,True,True
CGIE3_ID_02,30d,spearman::median_interevent_time_hours--spatial_dispersion_km,median_interevent_time_hours,spatial_dispersion_km,spearman,undirected,estimable,0.6227898219,0.6227898219,1,8707,0,,12,True,1,0.9166666667,0.9166666667,0.8333333333,0.4481868026,0.4481868026,12,1,0.03717284145,True,500,1,0.5434007459,0.684659386,0.1412586401,False,True,1,100,1,1,0.001555536832,True,eligible,all_frozen_eligible_conditions_met,10,10,4,4,,,True,True,True,True,True,True,True,True,True,True,True,True,True
CGIE3_ID_02,30d,spearman::median_interevent_time_hours--temporal_burstiness,median_interevent_time_hours,temporal_burstiness,spearman,undirected,estimable,-0.8710282538,0.8710282538,-1,8671,0,,12,True,1,0.9166666667,0.8333333333,0.8333333333,-0.84280971,0.84280971,12,1,0.005904952064,True,500,1,-0.8921303778,-0.8439290059,0.04820137191,False,True,1,100,1,1,0.0005583136653,True,eligible,all_frozen_eligible_conditions_met,10,10,4,4,,,True,True,True,True,True,True,True,True,True,True,True,True,True
CGIE3_ID_02,30d,spearman::spatial_dispersion_km--temporal_burstiness,spatial_dispersion_km,temporal_burstiness,spearman,undirected,estimable,-0.4276225484,0.4276225484,-1,8671,0,,12,True,1,0.8333333333,0.75,0.5833333333,-0.2897413609,0.4762525838,12,1,0.03107756764,True,500,1,-0.5192396185,-0.3177370241,0.2015025944,False,True,1,100,1,1,0.001884442433,True,candidate,candidate_conditions_met,9,10,4,4,eligible_persistence,,True,True,True,True,True,True,False,True,True,True,True,True,True
CGIE3_ID_02,3d,spearman::depth_mad_km--event_count,depth_mad_km,event_count,spearman,undirected,estimable,0.1534963808,0.1534963808,1,7429,2.113218056e-40,,12,True,1,0.6666666667,0.6666666667,0.5833333333,0.2722697608,0.2722697608,12,1,0.01459337452,True,500,1,0.06644108815,0.2373631213,0.1709220331,False,True,0.998,100,1,1,0.002426009839,True,rejected,eligible_and_candidate_conditions_not_met,7,10,3,4,eligible_strength|eligible_sign_preservation|eligible_persistence,candidate_strength,True,False,False,True,True,False,False,True,True,True,True,True,True
CGIE3_ID_02,3d,spearman::depth_mad_km--interevent_time_mad_hours,depth_mad_km,interevent_time_mad_hours,spearman,undirected,estimable,0.1026379911,0.1026379911,1,7429,7.415263223e-19,,12,True,1,0.6666666667,0.3333333333,0.25,0.04461784587,0.09850227221,12,1,0.007088242986,True,500,1,0.0001195177593,0.2014540563,0.2013345385,False,True,0.974,100,1,1,0.002994397075,True,rejected,eligible_and_candidate_conditions_not_met,7,10,2,4,eligible_strength|eligible_sign_preservation|eligible_persistence,candidate_strength|candidate_persistence,True,False,False,True,True,False,False,False,True,True,True,True,True
CGIE3_ID_02,3d,spearman::depth_mad_km--log10_cumulative_energy_joule,depth_mad_km,log10_cumulative_energy_joule,spearman,undirected,estimable,0.0007731058937,0.0007731058937,1,7429,0.9468809854,,12,True,1,0.5,0.5,0.25,0.002749457084,0.2050388035,12,0.5,0.01009208236,False,500,1,-0.1039818722,0.09157517661,0.1955570488,True,False,0.518,100,1,0.62,0.002487424039,False,rejected,eligible_and_candidate_conditions_not_met,4,10,2,4,eligible_strength|eligible_sign_preservation|eligible_persistence|eligible_interval_sign_support|leave_one_block_out_robust|missingness_stress_robust,candidate_strength|candidate_persistence,True,False,False,True,True,False,False,False,True,True,False,False,False
CGIE3_ID_02,3d,spearman::depth_mad_km--maximum_magnitude,depth_mad_km,maximum_magnitude,spearman,undirected,estimable,-0.01843539033,0.01843539033,-1,7429,0.1120955522,,12,True,1,0.5833333333,0.3333333333,0.1666666667,-0.03584030136,0.1613027136,12,0.8333333333,0.009914356214,True,500,1,-0.1123524904,0.09130128391,0.2036537743,True,False,0.64,100,1,1,0.002293579415,True,rejected,eligible_and_candidate_conditions_not_met,6,10,2,4,eligible_strength|eligible_sign_preservation|eligible_persistence|eligible_interval_sign_support,candidate_strength|candidate_persistence,True,False,False,True,True,False,False,False,True,True,False,True,True
CGIE3_ID_02,3d,spearman::depth_mad_km--median_depth_km,depth_mad_km,median_depth_km,spearman,undirected,estimable,-0.2500408068,0.2500408068,-1,7429,2.804580985e-106,,12,True,1,0.9166666667,0.8333333333,0.75,-0.4067923992,0.4317208298,12,1,0.01285674186,True,500,1,-0.3415967142,-0.1521162523,0.1894804619,False,True,1,100,1,1,0.003113019275,True,candidate,candidate_conditions_met,9,10,4,4,eligible_strength,,True,False,True,True,True,True,True,True,True,True,True,True,True
CGIE3_ID_02,3d,spearman::depth_mad_km--median_interevent_time_hours,depth_mad_km,median_interevent_time_hours,spearman,undirected,estimable,-0.03639816905,0.03639816905,-1,7429,0.001702617054,,12,True,1,0.6666666667,0.4166666667,0.25,-0.09013001615,0.1686886864,12,1,0.01282582253,True,500,1,-0.1291842984,0.06159516446,0.1907794629,True,False,0.752,100,1,1,0.003273778321,True,rejected,eligible_and_candidate_conditions_not_met,6,10,2,4,eligible_strength|eligible_sign_preservation|eligible_persistence|eligible_interval_sign_support,candidate_strength|candidate_persistence,True,False,False,True,True,False,False,False,True,True,False,True,True
CGIE3_ID_02,3d,spearman::depth_mad_km--spatial_dispersion_km,depth_mad_km,spatial_dispersion_km,spearman,undirected,estimable,0.2108124784,0.2108124784,1,7429,2.118882915e-75,,12,True,1,0.8333333333,0.4166666667,0.4166666667,0.1297128752,0.1297128752,12,1,0.01083409046,True,500,1,0.1233420913,0.3035973957,0.1802553045,False,True,1,100,1,1,0.002534979801,True,rejected,eligible_and_candidate_conditions_not_met,8,10,3,4,eligible_strength|eligible_persistence,candidate_persistence,True,False,True,True,True,True,False,False,True,True,True,True,True
CGIE3_ID_02,3d,spearman::depth_mad_km--temporal_burstiness,depth_mad_km,temporal_burstiness,spearman,undirected,estimable,0.07812531798,0.07812531798,1,6411,3.7582911e-10,,12,True,1,0.75,0.4166666667,0.3333333333,0.1587431354,0.1777506019,12,1,0.01464120808,True,500,1,-0.01299017506,0.1869480186,0.1999381937,True,False,0.944,100,1,1,0.002837000102,True,rejected,eligible_and_candidate_conditions_not_met,7,10,2,4,eligible_strength|eligible_persistence|eligible_interval_sign_support,candidate_strength|candidate_persistence,True,False,False,True,True,True,False,False,True,True,False,True,True
CGIE3_ID_02,3d,spearman::event_count--interevent_time_mad_hours,event_count,interevent_time_mad_hours,spearman,undirected,estimable,0.007050976589,0.007050976589,1,7429,0.5434258857,,12,True,1,0.5833333333,0.5833333333,0.4166666667,0.02996211646,0.3245990785,12,0.6666666667,0.02366567512,False,500,1,-0.1024979496,0.1277275371,0.2302254868,True,False,0.556,100,1,0.91,0.003797091429,True,rejected,eligible_and_candidate_conditions_not_met,5,10,2,4,eligible_strength|eligible_sign_preservation|eligible_persistence|eligible_interval_sign_support|leave_one_block_out_robust,candidate_strength|candidate_persistence,True,False,False,True,True,False,False,False,True,True,False,False,True
CGIE3_ID_02,3d,spearman::event_count--log10_cumulative_energy_joule,event_count,log10_cumulative_energy_joule,spearman,undirected,estimable,0.7643132483,0.7643132483,1,8366,0,,12,True,1,1,1,1,0.6904460753,0.6904460753,12,1,0.01109283471,True,500,1,0.7215718855,0.8048551457,0.08328326017,False,True,1,100,1,1,0.001004430503,True,eligible,all_frozen_eligible_conditions_met,10,10,4,4,,,True,True,True,True,True,True,True,True,True,True,True,True,True
CGIE3_ID_02,3d,spearman::event_count--maximum_magnitude,event_count,maximum_magnitude,spearman,undirected,estimable,0.6849611887,0.6849611887,1,8366,0,,12,True,1,1,0.9166666667,0.9166666667,0.503603429,0.503603429,12,1,0.01318974143,True,500,1,0.6227786137,0.728862865,0.1060842513,False,True,1,100,1,1,0.001018825843,True,eligible,all_frozen_eligible_conditions_met,10,10,4,4,,,True,True,True,True,True,True,True,True,True,True,True,True,True
CGIE3_ID_02,3d,spearman::event_count--median_depth_km,event_count,median_depth_km,spearman,undirected,estimable,-0.1424499456,0.1424499456,-1,8366,3.554833996e-39,,12,True,1,0.5,0.5,0.4166666667,-0.09272458653,0.2647383743,12,1,0.01943574219,True,500,1,-0.2268711721,-0.0526280114,0.1742431607,False,True,1,100,1,1,0.001780880506,True,rejected,eligible_and_candidate_conditions_not_met,7,10,2,4,eligible_strength|eligible_sign_preservation|eligible_persistence,candidate_strength|candidate_persistence,True,False,False,True,True,False,False,False,True,True,True,True,True
CGIE3_ID_02,3d,spearman::event_count--median_interevent_time_hours,event_count,median_interevent_time_hours,spearman,undirected,estimable,-0.6985971355,0.6985971355,-1,7429,0,,12,True,1,1,1,1,-0.5326226878,0.5326226878,12,1,0.01264591696,True,500,1,-0.7551368964,-0.6326594706,0.1224774259,False,True,1,100,1,1,0.001773138049,True,eligible,all_frozen_eligible_conditions_met,10,10,4,4,,,True,True,True,True,True,True,True,True,True,True,True,True,True
CGIE3_ID_02,3d,spearman::event_count--spatial_dispersion_km,event_count,spatial_dispersion_km,spearman,undirected,estimable,-0.07128881314,0.07128881314,-1,7429,7.685362685e-10,,12,True,1,0.5833333333,0.5,0.3333333333,-0.1262516364,0.193787112,12,1,0.01516268852,True,500,1,-0.1798330336,0.02670946801,0.2065425017,True,False,0.91,100,1,1,0.002887177043,True,rejected,eligible_and_candidate_conditions_not_met,6,10,2,4,eligible_strength|eligible_sign_preservation|eligible_persistence|eligible_interval_sign_support,candidate_strength|candidate_persistence,True,False,False,True,True,False,False,False,True,True,False,True,True
CGIE3_ID_02,3d,spearman::event_count--temporal_burstiness,event_count,temporal_burstiness,spearman,undirected,estimable,0.726327815,0.726327815,1,6411,0,,12,True,1,1,0.8333333333,0.8333333333,0.6065232445,0.6065232445,12,1,0.01157889875,True,500,1,0.6748885249,0.7702702739,0.095381749,False,True,1,100,1,1,0.001293411403,True,eligible,all_frozen_eligible_conditions_met,10,10,4,4,,,True,True,True,True,True,True,True,True,True,True,True,True,True
CGIE3_ID_02,3d,spearman::interevent_time_mad_hours--log10_cumulative_energy_joule,interevent_time_mad_hours,log10_cumulative_energy_joule,spearman,undirected,estimable,-0.1412897583,0.1412897583,-1,7429,1.962639862e-34,,12,True,1,0.75,0.25,0.08333333333,-0.04814268009,0.1691534703,12,1,0.009123219741,True,500,1,-0.2363596554,-0.0496769064,0.186682749,False,True,0.998,100,1,1,0.002941114671,True,rejected,eligible_and_candidate_conditions_not_met,8,10,2,4,eligible_strength|eligible_persistence,candidate_strength|candidate_persistence,True,False,False,True,True,True,False,False,True,True,True,True,True
CGIE3_ID_02,3d,spearman::interevent_time_mad_hours--maximum_magnitude,interevent_time_mad_hours,maximum_magnitude,spearman,undirected,estimable,-0.1564713734,0.1564713734,-1,7429,6.207125979e-42,,12,True,1,0.75,0.25,0.08333333333,-0.1116353917,0.1489050774,12,1,0.006965877487,True,500,1,-0.2496059313,-0.05722004149,0.1923858898,False,True,1,100,1,1,0.0026751366,True,rejected,eligible_and_candidate_conditions_not_met,8,10,2,4,eligible_strength|eligible_persistence,candidate_strength|candidate_persistence,True,False,False,True,True,True,False,False,True,True,True,True,True
CGIE3_ID_02,3d,spearman::interevent_time_mad_hours--median_depth_km,interevent_time_mad_hours,median_depth_km,spearman,undirected,estimable,0.2309277449,0.2309277449,1,7429,1.658115957e-90,,12,True,1,0.6666666667,0.75,0.5,0.234068713,0.281941587,12,1,0.01625131362,True,500,1,0.1354797274,0.323799961,0.1883202336,False,True,1,100,1,1,0.00261760299,True,candidate,candidate_conditions_met,7,10,4,4,eligible_strength|eligible_sign_preservation|eligible_persistence,,True,False,True,True,True,False,False,True,True,True,True,True,True
CGIE3_ID_02,3d,spearman::interevent_time_mad_hours--median_interevent_time_hours,interevent_time_mad_hours,median_interevent_time_hours,spearman,undirected,estimable,0.3619797493,0.3619797493,1,7429,7.99718727e-229,,12,True,1,0.8333333333,0.75,0.6666666667,0.3683448897,0.3723138189,12,1,0.02046793072,True,500,1,0.2458626744,0.4660587374,0.220196063,False,True,1,100,1,1,0.003278384815,True,candidate,candidate_conditions_met,9,10,4,4,eligible_persistence,,True,True,True,True,True,True,False,True,True,True,True,True,True
CGIE3_ID_02,3d,spearman::interevent_time_mad_hours--spatial_dispersion_km,interevent_time_mad_hours,spatial_dispersion_km,spearman,undirected,estimable,0.3033568497,0.3033568497,1,7429,6.176068048e-158,,12,True,1,0.8333333333,0.4166666667,0.4166666667,0.1488145536,0.1606415914,12,1,0.0137010492,True,500,1,0.2121554602,0.3751249126,0.1629694523,False,True,1,100,1,1,0.002636655929,True,rejected,eligible_and_candidate_conditions_not_met,9,10,3,4,eligible_persistence,candidate_persistence,True,True,True,True,True,True,False,False,True,True,True,True,True
CGIE3_ID_02,3d,spearman::interevent_time_mad_hours--temporal_burstiness,interevent_time_mad_hours,temporal_burstiness,spearman,undirected,estimable,-0.6501812247,0.6501812247,-1,6411,0,,12,True,1,1,0.8333333333,0.8333333333,-0.5744337607,0.5744337607,12,1,0.01657950825,True,500,1,-0.7078310306,-0.5778292598,0.1300017708,False,True,1,100,1,1,0.002390177599,True,eligible,all_frozen_eligible_conditions_met,10,10,4,4,,,True,True,True,True,True,True,True,True,True,True,True,True,True
CGIE3_ID_02,3d,spearman::log10_cumulative_energy_joule--maximum_magnitude,log10_cumulative_energy_joule,maximum_magnitude,spearman,undirected,estimable,0.9857719933,0.9857719933,1,8366,0,,12,True,1,1,1,1,0.9714402842,0.9714402842,12,1,0.0005054182039,True,500,1,0.9812886268,0.9886382715,0.007349644725,False,True,1,100,1,1,9.325698057e-05,True,eligible,all_frozen_eligible_conditions_met,10,10,4,4,,,True,True,True,True,True,True,True,True,True,True,True,True,True
CGIE3_ID_02,3d,spearman::log10_cumulative_energy_joule--median_depth_km,log10_cumulative_energy_joule,median_depth_km,spearman,undirected,estimable,-0.0606399275,0.0606399275,-1,8366,2.844278816e-08,,12,True,1,0.6666666667,0.6666666667,0.4166666667,-0.08871817288,0.2685727043,12,1,0.01763668351,True,500,1,-0.1515914927,0.02947116409,0.1810626568,True,False,0.9,100,1,1,0.002691841468,True,rejected,eligible_and_candidate_conditions_not_met,6,10,2,4,eligible_strength|eligible_sign_preservation|eligible_persistence|eligible_interval_sign_support,candidate_strength|candidate_persistence,True,False,False,True,True,False,False,False,True,True,False,True,True
CGIE3_ID_02,3d,spearman::log10_cumulative_energy_joule--median_interevent_time_hours,log10_cumulative_energy_joule,median_interevent_time_hours,spearman,undirected,estimable,-0.6192985896,0.6192985896,-1,7429,0,,12,True,1,0.9166666667,0.8333333333,0.8333333333,-0.4785030543,0.4785030543,12,1,0.01189452373,True,500,1,-0.6726648731,-0.5458311902,0.1268336829,False,True,1,100,1,1,0.0021461573,True,eligible,all_frozen_eligible_conditions_met,10,10,4,4,,,True,True,True,True,True,True,True,True,True,True,True,True,True
CGIE3_ID_02,3d,spearman::log10_cumulative_energy_joule--spatial_dispersion_km,log10_cumulative_energy_joule,spatial_dispersion_km,spearman,undirected,estimable,-0.1375761816,0.1375761816,-1,7429,1.017475098e-32,,12,True,1,0.9166666667,0.4166666667,0.4166666667,-0.1569151767,0.1569151767,12,1,0.0113856645,True,500,1,-0.2219375983,-0.03767287156,0.1842647267,False,True,0.998,100,1,1,0.002494809836,True,rejected,eligible_and_candidate_conditions_not_met,8,10,2,4,eligible_strength|eligible_persistence,candidate_strength|candidate_persistence,True,False,False,True,True,True,False,False,True,True,True,True,True
CGIE3_ID_02,3d,spearman::log10_cumulative_energy_joule--temporal_burstiness,log10_cumulative_energy_joule,temporal_burstiness,spearman,undirected,estimable,0.6035365782,0.6035365782,1,6411,0,,12,True,1,0.9166666667,1,0.9166666667,0.5262647719,0.5262647719,12,1,0.01431434033,True,500,1,0.5318170967,0.6675442514,0.1357271547,False,True,1,100,1,1,0.001629438674,True,eligible,all_frozen_eligible_conditions_met,10,10,4,4,,,True,True,True,True,True,True,True,True,True,True,True,True,True
CGIE3_ID_02,3d,spearman::maximum_magnitude--median_depth_km,maximum_magnitude,median_depth_km,spearman,undirected,estimable,-0.0456695123,0.0456695123,-1,8366,2.931074026e-05,,12,True,1,0.6666666667,0.6666666667,0.3333333333,-0.1332762187,0.2192500849,12,1,0.01392184095,True,500,1,-0.1351189688,0.05394994153,0.1890689103,True,False,0.82,100,1,1,0.00225665533,True,rejected,eligible_and_candidate_conditions_not_met,6,10,2,4,eligible_strength|eligible_sign_preservation|eligible_persistence|eligible_interval_sign_support,candidate_strength|candidate_persistence,True,False,False,True,True,False,False,False,True,True,False,True,True
CGIE3_ID_02,3d,spearman::maximum_magnitude--median_interevent_time_hours,maximum_magnitude,median_interevent_time_hours,spearman,undirected,estimable,-0.5691115683,0.5691115683,-1,7429,0,,12,True,1,0.9166666667,0.8333333333,0.8333333333,-0.4362064366,0.4362064366,12,1,0.007909369308,True,500,1,-0.6335570548,-0.5013057371,0.1322513178,False,True,1,100,1,1,0.001887667005,True,eligible,all_frozen_eligible_conditions_met,10,10,4,4,,,True,True,True,True,True,True,True,True,True,True,True,True,True
CGIE3_ID_02,3d,spearman::maximum_magnitude--spatial_dispersion_km,maximum_magnitude,spatial_dispersion_km,spearman,undirected,estimable,-0.1358517721,0.1358517721,-1,7429,6.135149676e-32,,12,True,1,0.9166666667,0.3333333333,0.3333333333,-0.1367276905,0.1367276905,12,1,0.01014269328,True,500,1,-0.2326753749,-0.04706898992,0.185606385,False,True,0.996,100,1,1,0.00274319624,True,rejected,eligible_and_candidate_conditions_not_met,8,10,2,4,eligible_strength|eligible_persistence,candidate_strength|candidate_persistence,True,False,False,True,True,True,False,False,True,True,True,True,True
CGIE3_ID_02,3d,spearman::maximum_magnitude--temporal_burstiness,maximum_magnitude,temporal_burstiness,spearman,undirected,estimable,0.5554651543,0.5554651543,1,6411,0,,12,True,1,0.9166666667,1,0.9166666667,0.5065973478,0.5065973478,12,1,0.01287013834,True,500,1,0.4728561023,0.6362392012,0.163383099,False,True,1,100,1,1,0.00219833335,True,eligible,all_frozen_eligible_conditions_met,10,10,4,4,,,True,True,True,True,True,True,True,True,True,True,True,True,True
CGIE3_ID_02,3d,spearman::median_depth_km--median_interevent_time_hours,median_depth_km,median_interevent_time_hours,spearman,undirected,estimable,0.1904741929,0.1904741929,1,7429,1.219008116e-61,,12,True,1,0.75,0.75,0.5833333333,0.2673389824,0.3299279293,12,1,0.0166827527,True,500,1,0.09132181549,0.2844068942,0.1930850787,False,True,1,100,1,1,0.002586000821,True,rejected,eligible_and_candidate_conditions_not_met,8,10,3,4,eligible_strength|eligible_persistence,candidate_strength,True,False,False,True,True,True,False,True,True,True,True,True,True
CGIE3_ID_02,3d,spearman::median_depth_km--spatial_dispersion_km,median_depth_km,spatial_dispersion_km,spearman,undirected,estimable,0.3355845205,0.3355845205,1,7429,5.635049323e-195,,12,True,1,0.8333333333,0.5833333333,0.5833333333,0.2566675107,0.2566675107,12,1,0.01492393151,True,500,1,0.2459796714,0.4179533535,0.1719736821,False,True,1,100,1,1,0.002453801002,True,candidate,candidate_conditions_met,9,10,4,4,eligible_persistence,,True,True,True,True,True,True,False,True,True,True,True,True,True
CGIE3_ID_02,3d,spearman::median_depth_km--temporal_burstiness,median_depth_km,temporal_burstiness,spearman,undirected,estimable,-0.2502342405,0.2502342405,-1,6411,4.047376623e-92,,12,True,1,0.75,0.5,0.4166666667,-0.135012019,0.2051607921,12,1,0.02100308473,True,500,1,-0.3410431423,-0.1432717561,0.1977713862,False,True,1,100,1,1,0.002541224795,True,rejected,eligible_and_candidate_conditions_not_met,8,10,3,4,eligible_strength|eligible_persistence,candidate_persistence,True,False,True,True,True,True,False,False,True,True,True,True,True
CGIE3_ID_02,3d,spearman::median_interevent_time_hours--spatial_dispersion_km,median_interevent_time_hours,spatial_dispersion_km,spearman,undirected,estimable,0.3159157065,0.3159157065,1,7429,7.932916806e-172,,12,True,1,1,0.6666666667,0.6666666667,0.2516708007,0.2516708007,12,1,0.01717415342,True,500,1,0.2213864379,0.4022511053,0.1808646674,False,True,1,100,1,1,0.002526156018,True,candidate,candidate_conditions_met,9,10,4,4,eligible_persistence,,True,True,True,True,True,True,False,True,True,True,True,True,True
CGIE3_ID_02,3d,spearman::median_interevent_time_hours--temporal_burstiness,median_interevent_time_hours,temporal_burstiness,spearman,undirected,estimable,-0.8153786569,0.8153786569,-1,6411,0,,12,True,1,1,1,1,-0.7809931326,0.7809931326,12,1,0.009798954594,True,500,1,-0.8596751536,-0.765818862,0.09385629168,False,True,1,100,1,1,0.001443190634,True,eligible,all_frozen_eligible_conditions_met,10,10,4,4,,,True,True,True,True,True,True,True,True,True,True,True,True,True
CGIE3_ID_02,3d,spearman::spatial_dispersion_km--temporal_burstiness,spatial_dispersion_km,temporal_burstiness,spearman,undirected,estimable,-0.3260219094,0.3260219094,-1,6411,1.241165136e-158,,12,True,1,1,0.6666666667,0.6666666667,-0.2607293526,0.2607293526,12,1,0.01264482342,True,500,1,-0.4224052288,-0.2287500856,0.1936551432,False,True,1,100,1,1,0.003188319753,True,candidate,candidate_conditions_met,9,10,4,4,eligible_persistence,,True,True,True,True,True,True,False,True,True,True,True,True,True
CGIE3_ID_02,7d,spearman::depth_mad_km--event_count,depth_mad_km,event_count,spearman,undirected,estimable,0.2324635743,0.2324635743,1,8676,8.456156407e-107,,12,True,1,0.5833333333,0.5833333333,0.4166666667,0.1101023426,0.4087921193,12,1,0.02634981171,True,500,1,0.1240092848,0.328699212,0.2046899271,False,True,1,100,1,1,0.0026659599,True,rejected,eligible_and_candidate_conditions_not_met,7,10,3,4,eligible_strength|eligible_sign_preservation|eligible_persistence,candidate_persistence,True,False,True,True,True,False,False,False,True,True,True,True,True
CGIE3_ID_02,7d,spearman::depth_mad_km--interevent_time_mad_hours,depth_mad_km,interevent_time_mad_hours,spearman,undirected,estimable,-0.04531972965,0.04531972965,-1,8676,2.412111659e-05,,12,True,1,0.4166666667,0.6666666667,0.3333333333,0.167910161,0.3027495255,12,0.8333333333,0.02536618407,True,500,1,-0.1343606733,0.04822863812,0.1825893114,True,False,0.79,100,1,1,0.002669836307,True,rejected,eligible_and_candidate_conditions_not_met,6,10,2,4,eligible_strength|eligible_sign_preservation|eligible_persistence|eligible_interval_sign_support,candidate_strength|candidate_persistence,True,False,False,True,True,False,False,False,True,True,False,True,True
CGIE3_ID_02,7d,spearman::depth_mad_km--log10_cumulative_energy_joule,depth_mad_km,log10_cumulative_energy_joule,spearman,undirected,estimable,0.08665480639,0.08665480639,1,8676,6.190190259e-16,,12,True,1,0.5833333333,0.5833333333,0.4166666667,0.07021308467,0.2465285261,12,1,0.01919349413,True,500,1,-0.0191825123,0.1773626721,0.1965451844,True,False,0.948,100,1,1,0.002201339674,True,rejected,eligible_and_candidate_conditions_not_met,6,10,2,4,eligible_strength|eligible_sign_preservation|eligible_persistence|eligible_interval_sign_support,candidate_strength|candidate_persistence,True,False,False,True,True,False,False,False,True,True,False,True,True
CGIE3_ID_02,7d,spearman::depth_mad_km--maximum_magnitude,depth_mad_km,maximum_magnitude,spearman,undirected,estimable,0.07972641941,0.07972641941,1,8676,1.030824889e-13,,12,True,1,0.5,0.6666666667,0.5,0.0758849941,0.303096965,12,1,0.01525577584,True,500,1,-0.0169400708,0.1747062093,0.1916462801,True,False,0.948,100,1,1,0.002291521398,True,rejected,eligible_and_candidate_conditions_not_met,6,10,3,4,eligible_strength|eligible_sign_preservation|eligible_persistence|eligible_interval_sign_support,candidate_strength,True,False,False,True,True,False,False,True,True,True,False,True,True
CGIE3_ID_02,7d,spearman::depth_mad_km--median_depth_km,depth_mad_km,median_depth_km,spearman,undirected,estimable,-0.364965898,0.364965898,-1,8676,1.331340836e-271,,12,True,1,0.9166666667,1,0.9166666667,-0.5465680327,0.5465680327,12,1,0.01803498455,True,500,1,-0.4572490413,-0.2556491504,0.2015998909,False,True,1,100,1,1,0.002414837547,True,eligible,all_frozen_eligible_conditions_met,10,10,4,4,,,True,True,True,True,True,True,True,True,True,True,True,True,True
CGIE3_ID_02,7d,spearman::depth_mad_km--median_interevent_time_hours,depth_mad_km,median_interevent_time_hours,spearman,undirected,estimable,-0.1407664614,0.1407664614,-1,8676,1.214845242e-39,,12,True,1,0.5,0.75,0.4166666667,0.03365372115,0.3596181173,12,1,0.03463246967,True,500,1,-0.2398838054,-0.03739356516,0.2024902403,False,True,0.998,100,1,1,0.002681269016,True,rejected,eligible_and_candidate_conditions_not_met,7,10,2,4,eligible_strength|eligible_sign_preservation|eligible_persistence,candidate_strength|candidate_persistence,True,False,False,True,True,False,False,False,True,True,True,True,True
CGIE3_ID_02,7d,spearman::depth_mad_km--spatial_dispersion_km,depth_mad_km,spatial_dispersion_km,spearman,undirected,estimable,0.07657612754,0.07657612754,1,8676,9.188381695e-13,,12,True,1,0.5833333333,0.6666666667,0.4166666667,0.09259950197,0.2686103796,12,1,0.01641367007,True,500,1,-0.02029445953,0.1840267851,0.2043212446,True,False,0.938,100,1,1,0.002461893146,True,rejected,eligible_and_candidate_conditions_not_met,6,10,2,4,eligible_strength|eligible_sign_preservation|eligible_persistence|eligible_interval_sign_support,candidate_strength|candidate_persistence,True,False,False,True,True,False,False,False,True,True,False,True,True
CGIE3_ID_02,7d,spearman::depth_mad_km--temporal_burstiness,depth_mad_km,temporal_burstiness,spearman,undirected,estimable,0.02679282331,0.02679282331,1,8578,0.01308057706,,12,True,1,0.5,0.4166666667,0.25,0.04571782573,0.1723124751,12,0.6666666667,0.03076413364,False,500,1,-0.05957397029,0.1212653111,0.1808392814,True,False,0.722,100,1,1,0.002701080576,True,rejected,eligible_and_candidate_conditions_not_met,5,10,2,4,eligible_strength|eligible_sign_preservation|eligible_persistence|eligible_interval_sign_support|leave_one_block_out_robust,candidate_strength|candidate_persistence,True,False,False,True,True,False,False,False,True,True,False,False,True
CGIE3_ID_02,7d,spearman::event_count--interevent_time_mad_hours,event_count,interevent_time_mad_hours,spearman,undirected,estimable,-0.688406885,0.688406885,-1,8676,0,,12,True,1,1,0.75,0.75,-0.5416065646,0.5416065646,12,1,0.01102831448,True,500,1,-0.7550559099,-0.616731706,0.138324204,False,True,1,100,1,1,0.00204296212,True,eligible,all_frozen_eligible_conditions_met,10,10,4,4,,,True,True,True,True,True,True,True,True,True,True,True,True,True
CGIE3_ID_02,7d,spearman::event_count--log10_cumulative_energy_joule,event_count,log10_cumulative_energy_joule,spearman,undirected,estimable,0.7666303704,0.7666303704,1,8719,0,,12,True,1,1,0.9166666667,0.9166666667,0.6276685412,0.6276685412,12,1,0.008851790957,True,500,1,0.7218049523,0.8007319093,0.07892695702,False,True,1,100,1,1,0.0009414083102,True,eligible,all_frozen_eligible_conditions_met,10,10,4,4,,,True,True,True,True,True,True,True,True,True,True,True,True,True
CGIE3_ID_02,7d,spearman::event_count--maximum_magnitude,event_count,maximum_magnitude,spearman,undirected,estimable,0.6896061577,0.6896061577,1,8719,0,,12,True,1,0.8333333333,0.75,0.75,0.523355009,0.523355009,12,1,0.009899326466,True,500,1,0.6464108684,0.7305298761,0.08411900776,False,True,1,100,1,1,0.00102925879,True,eligible,all_frozen_eligible_conditions_met,10,10,4,4,,,True,True,True,True,True,True,True,True,True,True,True,True,True
CGIE3_ID_02,7d,spearman::event_count--median_depth_km,event_count,median_depth_km,spearman,undirected,estimable,-0.2208414768,0.2208414768,-1,8719,8.756114056e-97,,12,True,1,0.6666666667,0.6666666667,0.5,-0.136132836,0.2682599714,12,1,0.02743941851,True,500,1,-0.319628874,-0.1225890617,0.1970398123,False,True,1,100,1,1,0.002386592386,True,candidate,candidate_conditions_met,7,10,4,4,eligible_strength|eligible_sign_preservation|eligible_persistence,,True,False,True,True,True,False,False,True,True,True,True,True,True
CGIE3_ID_02,7d,spearman::event_count--median_interevent_time_hours,event_count,median_interevent_time_hours,spearman,undirected,estimable,-0.810951928,0.810951928,-1,8676,0,,12,True,1,1,0.9166666667,0.9166666667,-0.6664325172,0.6664325172,12,1,0.005892168998,True,500,1,-0.8481092343,-0.7622441688,0.08586506542,False,True,1,100,1,1,0.001361805163,True,eligible,all_frozen_eligible_conditions_met,10,10,4,4,,,True,True,True,True,True,True,True,True,True,True,True,True,True
CGIE3_ID_02,7d,spearman::event_count--spatial_dispersion_km,event_count,spatial_dispersion_km,spearman,undirected,estimable,-0.1930917567,0.1930917567,-1,8676,1.192848623e-73,,12,True,1,0.5833333333,0.6666666667,0.4166666667,-0.09258497733,0.2127632264,12,1,0.02028067878,True,500,1,-0.2917047318,-0.09518681774,0.1965179141,False,True,1,100,1,1,0.002592980345,True,rejected,eligible_and_candidate_conditions_not_met,7,10,2,4,eligible_strength|eligible_sign_preservation|eligible_persistence,candidate_strength|candidate_persistence,True,False,False,True,True,False,False,False,True,True,True,True,True
CGIE3_ID_02,7d,spearman::event_count--temporal_burstiness,event_count,temporal_burstiness,spearman,undirected,estimable,0.7135910808,0.7135910808,1,8578,0,,12,True,1,1,0.9166666667,0.9166666667,0.4630381925,0.4630381925,12,1,0.01838071915,True,500,1,0.6599002824,0.7605012426,0.1006009602,False,True,1,100,1,1,0.00149565723,True,eligible,all_frozen_eligible_conditions_met,10,10,4,4,,,True,True,True,True,True,True,True,True,True,True,True,True,True
CGIE3_ID_02,7d,spearman::interevent_time_mad_hours--log10_cumulative_energy_joule,interevent_time_mad_hours,log10_cumulative_energy_joule,spearman,undirected,estimable,-0.5874195081,0.5874195081,-1,8676,0,,12,True,1,0.8333333333,0.75,0.6666666667,-0.4745854192,0.4745854192,12,1,0.01477030334,True,500,1,-0.6514055913,-0.5231798544,0.1282257368,False,True,1,100,1,1,0.001719373411,True,candidate,candidate_conditions_met,9,10,4,4,eligible_persistence,,True,True,True,True,True,True,False,True,True,True,True,True,True
CGIE3_ID_02,7d,spearman::interevent_time_mad_hours--maximum_magnitude,interevent_time_mad_hours,maximum_magnitude,spearman,undirected,estimable,-0.5469559863,0.5469559863,-1,8676,0,,12,True,1,0.8333333333,0.9166666667,0.8333333333,-0.3854027309,0.4140594442,12,1,0.009010152242,True,500,1,-0.6120770291,-0.4767796325,0.1352973966,False,True,1,100,1,1,0.001604893487,True,eligible,all_frozen_eligible_conditions_met,10,10,4,4,,,True,True,True,True,True,True,True,True,True,True,True,True,True
CGIE3_ID_02,7d,spearman::interevent_time_mad_hours--median_depth_km,interevent_time_mad_hours,median_depth_km,spearman,undirected,estimable,0.2304789364,0.2304789364,1,8676,5.746379569e-105,,12,True,1,0.6666666667,0.5833333333,0.3333333333,0.1778919766,0.2356247234,12,1,0.0301769421,True,500,1,0.1417876562,0.3336395641,0.1918519078,False,True,1,100,1,1,0.002394390808,True,rejected,eligible_and_candidate_conditions_not_met,7,10,3,4,eligible_strength|eligible_sign_preservation|eligible_persistence,candidate_persistence,True,False,True,True,True,False,False,False,True,True,True,True,True
CGIE3_ID_02,7d,spearman::interevent_time_mad_hours--median_interevent_time_hours,interevent_time_mad_hours,median_interevent_time_hours,spearman,undirected,estimable,0.8876132627,0.8876132627,1,8676,0,,12,True,1,1,1,1,0.8660005766,0.8660005766,12,1,0.006235901218,True,500,1,0.8366351314,0.9296301028,0.09299497138,False,True,1,100,1,1,0.001485950831,True,eligible,all_frozen_eligible_conditions_met,10,10,4,4,,,True,True,True,True,True,True,True,True,True,True,True,True,True
CGIE3_ID_02,7d,spearman::interevent_time_mad_hours--spatial_dispersion_km,interevent_time_mad_hours,spatial_dispersion_km,spearman,undirected,estimable,0.3415741573,0.3415741573,1,8676,5.34719872e-236,,12,True,1,0.9166666667,0.5833333333,0.5833333333,0.2668662533,0.2668662533,12,1,0.01286578615,True,500,1,0.2557059555,0.4265982384,0.170892283,False,True,1,100,1,1,0.002470711376,True,candidate,candidate_conditions_met,9,10,4,4,eligible_persistence,,True,True,True,True,True,True,False,True,True,True,True,True,True
CGIE3_ID_02,7d,spearman::interevent_time_mad_hours--temporal_burstiness,interevent_time_mad_hours,temporal_burstiness,spearman,undirected,estimable,-0.8309718002,0.8309718002,-1,8578,0,,12,True,1,1,1,1,-0.7601873849,0.7601873849,12,1,0.007792026344,True,500,1,-0.8607218973,-0.794062041,0.06665985635,False,True,1,100,1,1,0.0009146671731,True,eligible,all_frozen_eligible_conditions_met,10,10,4,4,,,True,True,True,True,True,True,True,True,True,True,True,True,True
CGIE3_ID_02,7d,spearman::log10_cumulative_energy_joule--maximum_magnitude,log10_cumulative_energy_joule,maximum_magnitude,spearman,undirected,estimable,0.9820847483,0.9820847483,1,8719,0,,12,True,1,1,1,1,0.9387616303,0.9387616303,12,1,0.0005541953912,True,500,1,0.9761746687,0.9862666677,0.01009199901,False,True,1,100,1,1,0.0001195071136,True,eligible,all_frozen_eligible_conditions_met,10,10,4,4,,,True,True,True,True,True,True,True,True,True,True,True,True,True
CGIE3_ID_02,7d,spearman::log10_cumulative_energy_joule--median_depth_km,log10_cumulative_energy_joule,median_depth_km,spearman,undirected,estimable,-0.09473438297,0.09473438297,-1,8719,7.681251372e-19,,12,True,1,0.75,0.8333333333,0.6666666667,-0.246148306,0.3735886651,12,1,0.02286009245,True,500,1,-0.1847038009,0.002828959832,0.1875327607,True,False,0.972,100,1,1,0.002274245618,True,rejected,eligible_and_candidate_conditions_not_met,7,10,3,4,eligible_strength|eligible_persistence|eligible_interval_sign_support,candidate_strength,True,False,False,True,True,True,False,True,True,True,False,True,True
CGIE3_ID_02,7d,spearman::log10_cumulative_energy_joule--median_interevent_time_hours,log10_cumulative_energy_joule,median_interevent_time_hours,spearman,undirected,estimable,-0.6690150291,0.6690150291,-1,8676,0,,12,True,1,0.8333333333,0.75,0.6666666667,-0.5038845915,0.5038845915,12,1,0.007773257212,True,500,1,-0.7170590324,-0.6193591784,0.09769985396,False,True,1,100,1,1,0.001237905672,True,candidate,candidate_conditions_met,9,10,4,4,eligible_persistence,,True,True,True,True,True,True,False,True,True,True,True,True,True
CGIE3_ID_02,7d,spearman::log10_cumulative_energy_joule--spatial_dispersion_km,log10_cumulative_energy_joule,spatial_dispersion_km,spearman,undirected,estimable,-0.1414743203,0.1414743203,-1,8676,4.993619682e-40,,12,True,1,0.8333333333,0.5833333333,0.5,-0.2176373752,0.2777233333,12,1,0.02126660128,True,500,1,-0.2453724353,-0.0461919628,0.1991804725,False,True,0.998,100,1,1,0.002825461341,True,rejected,eligible_and_candidate_conditions_not_met,8,10,3,4,eligible_strength|eligible_persistence,candidate_strength,True,False,False,True,True,True,False,True,True,True,True,True,True
CGIE3_ID_02,7d,spearman::log10_cumulative_energy_joule--temporal_burstiness,log10_cumulative_energy_joule,temporal_burstiness,spearman,undirected,estimable,0.6071523526,0.6071523526,1,8578,0,,12,True,1,0.9166666667,0.9166666667,0.8333333333,0.5168720558,0.5168720558,12,1,0.01151669744,True,500,1,0.5308366605,0.6725845186,0.1417478581,False,True,1,100,1,1,0.001583963038,True,eligible,all_frozen_eligible_conditions_met,10,10,4,4,,,True,True,True,True,True,True,True,True,True,True,True,True,True
CGIE3_ID_02,7d,spearman::maximum_magnitude--median_depth_km,maximum_magnitude,median_depth_km,spearman,undirected,estimable,-0.07801694009,0.07801694009,-1,8719,2.987626246e-13,,12,True,1,0.75,0.8333333333,0.6666666667,-0.2500121155,0.3281464786,12,1,0.02584279713,True,500,1,-0.1782351394,0.01881229414,0.1970474335,True,False,0.946,100,1,1,0.001772576459,True,rejected,eligible_and_candidate_conditions_not_met,7,10,3,4,eligible_strength|eligible_persistence|eligible_interval_sign_support,candidate_strength,True,False,False,True,True,True,False,True,True,True,False,True,True
CGIE3_ID_02,7d,spearman::maximum_magnitude--median_interevent_time_hours,maximum_magnitude,median_interevent_time_hours,spearman,undirected,estimable,-0.6068095001,0.6068095001,-1,8676,0,,12,True,1,0.8333333333,0.75,0.6666666667,-0.4901404152,0.4901404152,12,1,0.007563102082,True,500,1,-0.6587166931,-0.5494182226,0.1092984706,False,True,1,100,1,1,0.001518673044,True,candidate,candidate_conditions_met,9,10,4,4,eligible_persistence,,True,True,True,True,True,True,False,True,True,True,True,True,True
CGIE3_ID_02,7d,spearman::maximum_magnitude--spatial_dispersion_km,maximum_magnitude,spatial_dispersion_km,spearman,undirected,estimable,-0.1274175176,0.1274175176,-1,8676,9.863667645e-33,,12,True,1,0.8333333333,0.5833333333,0.5,-0.2495806553,0.314745117,12,1,0.02084074173,True,500,1,-0.2288306883,-0.02497931913,0.2038513692,False,True,0.992,100,1,1,0.002220925599,True,rejected,eligible_and_candidate_conditions_not_met,8,10,3,4,eligible_strength|eligible_persistence,candidate_strength,True,False,False,True,True,True,False,True,True,True,True,True,True
CGIE3_ID_02,7d,spearman::maximum_magnitude--temporal_burstiness,maximum_magnitude,temporal_burstiness,spearman,undirected,estimable,0.55085097,0.55085097,1,8578,0,,12,True,1,0.9166666667,0.9166666667,0.8333333333,0.5302842449,0.5302842449,12,1,0.01045192646,True,500,1,0.4714423601,0.6173870883,0.1459447282,False,True,1,100,1,1,0.002022748859,True,eligible,all_frozen_eligible_conditions_met,10,10,4,4,,,True,True,True,True,True,True,True,True,True,True,True,True,True
CGIE3_ID_02,7d,spearman::median_depth_km--median_interevent_time_hours,median_depth_km,median_interevent_time_hours,spearman,undirected,estimable,0.2680461562,0.2680461562,1,8676,1.165510583e-142,,12,True,1,0.5,0.5833333333,0.4166666667,0.03919750186,0.3862444586,12,1,0.03066517281,True,500,1,0.1745672656,0.3597204486,0.185153183,False,True,1,100,1,1,0.002384782229,True,rejected,eligible_and_candidate_conditions_not_met,7,10,3,4,eligible_strength|eligible_sign_preservation|eligible_persistence,candidate_persistence,True,False,True,True,True,False,False,False,True,True,True,True,True
CGIE3_ID_02,7d,spearman::median_depth_km--spatial_dispersion_km,median_depth_km,spatial_dispersion_km,spearman,undirected,estimable,0.5172865986,0.5172865986,1,8676,0,,12,True,1,0.9166666667,0.9166666667,0.8333333333,0.4022604483,0.4218071941,12,1,0.01180798288,True,500,1,0.4549612303,0.5804659932,0.1255047629,False,True,1,100,1,1,0.001678052839,True,eligible,all_frozen_eligible_conditions_met,10,10,4,4,,,True,True,True,True,True,True,True,True,True,True,True,True,True
CGIE3_ID_02,7d,spearman::median_depth_km--temporal_burstiness,median_depth_km,temporal_burstiness,spearman,undirected,estimable,-0.1824858294,0.1824858294,-1,8578,3.994028491e-65,,12,True,1,0.5833333333,0.6666666667,0.5,-0.2535610873,0.3953798504,12,1,0.03822215884,True,500,1,-0.2887182679,-0.07967526826,0.2090429996,False,True,1,100,1,1,0.002346472644,True,rejected,eligible_and_candidate_conditions_not_met,7,10,3,4,eligible_strength|eligible_sign_preservation|eligible_persistence,candidate_strength,True,False,False,True,True,False,False,True,True,True,True,True,True
CGIE3_ID_02,7d,spearman::median_interevent_time_hours--spatial_dispersion_km,median_interevent_time_hours,spatial_dispersion_km,spearman,undirected,estimable,0.3727351704,0.3727351704,1,8676,4.164906693e-284,,12,True,1,0.9166666667,0.5833333333,0.5833333333,0.3252241568,0.3252241568,12,1,0.01639146666,True,500,1,0.2856961426,0.4561650319,0.1704688893,False,True,1,100,1,1,0.002451972865,True,candidate,candidate_conditions_met,9,10,4,4,eligible_persistence,,True,True,True,True,True,True,False,True,True,True,True,True,True
CGIE3_ID_02,7d,spearman::median_interevent_time_hours--temporal_burstiness,median_interevent_time_hours,temporal_burstiness,spearman,undirected,estimable,-0.8975932607,0.8975932607,-1,8578,0,,12,True,1,1,1,1,-0.8138044997,0.8138044997,12,1,0.008000319675,True,500,1,-0.9155514197,-0.877333902,0.03821751769,False,True,1,100,1,1,0.0004723484072,True,eligible,all_frozen_eligible_conditions_met,10,10,4,4,,,True,True,True,True,True,True,True,True,True,True,True,True,True
CGIE3_ID_02,7d,spearman::spatial_dispersion_km--temporal_burstiness,spatial_dispersion_km,temporal_burstiness,spearman,undirected,estimable,-0.3687397992,0.3687397992,-1,8578,1.606579826e-274,,12,True,1,0.8333333333,0.8333333333,0.75,-0.4122268249,0.4122268249,12,1,0.01640745124,True,500,1,-0.4534029925,-0.2721797291,0.1812232634,False,True,1,100,1,1,0.002055184155,True,eligible,all_frozen_eligible_conditions_met,10,10,4,4,,,True,True,True,True,True,True,True,True,True,True,True,True,True
