experiment_id,window_id,relation_id,source_id,target_id,id02_status,sampling_scheme,stride_hours,sampled_row_count,paired_observation_count,estimability,non_estimable_reason,strength,absolute_strength,sign,bootstrap_estimable_count,bootstrap_ci_lower,bootstrap_ci_upper,bootstrap_ci_width,lag1_autocorrelation_source,lag1_autocorrelation_target,bootstrap_seed,id02_status_modified,nominal_spacing_hours,irregular_spacing_fraction
CGIE3_ID_03,1d,spearman::depth_mad_km--spatial_dispersion_km,depth_mad_km,spatial_dispersion_km,eligible,half_window_stride,12,730,328,estimable,,0.2619637058,0.2619637058,1,300,0.1476747536,0.3580069372,0.2103321836,0.2918201382,0.3987625503,1465860812,False,1,0
CGIE3_ID_03,1d,spearman::depth_mad_km--spatial_dispersion_km,depth_mad_km,spatial_dispersion_km,eligible,non_overlapping,24,365,170,estimable,,0.2869667026,0.2869667026,1,300,0.1576765907,0.4192445134,0.2615679227,-0.01534127712,0.1907334965,2823874579,False,1,0
CGIE3_ID_03,1d,spearman::depth_mad_km--spatial_dispersion_km,depth_mad_km,spatial_dispersion_km,eligible,rolling_full,1,8760,3853,estimable,,0.300418432,0.300418432,1,300,0.1991654823,0.400733085,0.2015676027,0.5008068377,0.9263553979,116016610,False,1,0
CGIE3_ID_03,1d,spearman::event_count--interevent_time_mad_hours,event_count,interevent_time_mad_hours,eligible,half_window_stride,12,730,328,estimable,,0.4976812479,0.4976812479,1,300,0.3345780075,0.6159851973,0.2814071899,0.8143907205,0.05856744576,827667507,False,1,0
CGIE3_ID_03,1d,spearman::event_count--interevent_time_mad_hours,event_count,interevent_time_mad_hours,eligible,non_overlapping,24,365,170,estimable,,0.5435036144,0.5435036144,1,300,0.3757771484,0.6705150832,0.2947379348,0.5549260408,0.03915980554,14842010,False,1,0
CGIE3_ID_03,1d,spearman::event_count--interevent_time_mad_hours,event_count,interevent_time_mad_hours,eligible,rolling_full,1,8760,3853,estimable,,0.4971858071,0.4971858071,1,300,0.374833157,0.6149083545,0.2400751975,0.9922265686,0.7413914575,1346903189,False,1,0
CGIE3_ID_03,1d,spearman::event_count--log10_cumulative_energy_joule,event_count,log10_cumulative_energy_joule,eligible,half_window_stride,12,730,507,estimable,,0.7601840636,0.7601840636,1,300,0.6997690228,0.8080714449,0.1083024221,0.8143907205,0.5645676191,3548017558,False,1,0
CGIE3_ID_03,1d,spearman::event_count--log10_cumulative_energy_joule,event_count,log10_cumulative_energy_joule,eligible,non_overlapping,24,365,252,estimable,,0.7624074145,0.7624074145,1,300,0.6868653644,0.8174713742,0.1306060098,0.5549260408,0.2404397087,3568229691,False,1,0
CGIE3_ID_03,1d,spearman::event_count--log10_cumulative_energy_joule,event_count,log10_cumulative_energy_joule,eligible,rolling_full,1,8760,6076,estimable,,0.7586573147,0.7586573147,1,300,0.6975625119,0.7997934933,0.1022309814,0.9922265686,0.9634139169,3704658556,False,1,0
CGIE3_ID_03,1d,spearman::event_count--maximum_magnitude,event_count,maximum_magnitude,eligible,half_window_stride,12,730,507,estimable,,0.6755741418,0.6755741418,1,300,0.5917548454,0.7355911336,0.1438362881,0.8143907205,0.5507335868,1954954437,False,1,0
CGIE3_ID_03,1d,spearman::event_count--maximum_magnitude,event_count,maximum_magnitude,eligible,non_overlapping,24,365,252,estimable,,0.6760204874,0.6760204874,1,300,0.5963282759,0.7432009548,0.1468726789,0.5549260408,0.2140043531,681713242,False,1,0
CGIE3_ID_03,1d,spearman::event_count--maximum_magnitude,event_count,maximum_magnitude,eligible,rolling_full,1,8760,6076,estimable,,0.675143177,0.675143177,1,300,0.6084753049,0.7395688153,0.1310935105,0.9922265686,0.9609467508,1126967232,False,1,0
CGIE3_ID_03,1d,spearman::event_count--median_interevent_time_hours,event_count,median_interevent_time_hours,eligible,half_window_stride,12,730,328,estimable,,-0.528571502,0.528571502,-1,300,-0.6380474754,-0.4098712977,0.2281761776,0.8143907205,0.1325531779,3417127851,False,1,0
CGIE3_ID_03,1d,spearman::event_count--median_interevent_time_hours,event_count,median_interevent_time_hours,eligible,non_overlapping,24,365,170,estimable,,-0.5575128034,0.5575128034,-1,300,-0.6593592438,-0.4351781708,0.224181073,0.5549260408,-0.007010455828,1700240538,False,1,0
CGIE3_ID_03,1d,spearman::event_count--median_interevent_time_hours,event_count,median_interevent_time_hours,eligible,rolling_full,1,8760,3853,estimable,,-0.5284007872,0.5284007872,-1,300,-0.610575889,-0.4205250133,0.1900508757,0.9922265686,0.8630266499,4013811761,False,1,0
CGIE3_ID_03,1d,spearman::interevent_time_mad_hours--log10_cumulative_energy_joule,interevent_time_mad_hours,log10_cumulative_energy_joule,candidate,half_window_stride,12,730,328,estimable,,0.2870775349,0.2870775349,1,300,0.1719278454,0.3955380959,0.2236102505,0.05856744576,0.5645676191,2031546323,False,1,0
CGIE3_ID_03,1d,spearman::interevent_time_mad_hours--log10_cumulative_energy_joule,interevent_time_mad_hours,log10_cumulative_energy_joule,candidate,non_overlapping,24,365,170,estimable,,0.3048533317,0.3048533317,1,300,0.1951096016,0.4113936291,0.2162840275,0.03915980554,0.2404397087,2682669022,False,1,0
CGIE3_ID_03,1d,spearman::interevent_time_mad_hours--log10_cumulative_energy_joule,interevent_time_mad_hours,log10_cumulative_energy_joule,candidate,rolling_full,1,8760,3853,estimable,,0.2877519563,0.2877519563,1,300,0.1936895581,0.3852957023,0.1916061442,0.7413914575,0.9634139169,3192727220,False,1,0
CGIE3_ID_03,1d,spearman::interevent_time_mad_hours--maximum_magnitude,interevent_time_mad_hours,maximum_magnitude,candidate,half_window_stride,12,730,328,estimable,,0.2387632496,0.2387632496,1,300,0.1268348258,0.3558419204,0.2290070947,0.05856744576,0.5507335868,3661024349,False,1,0
CGIE3_ID_03,1d,spearman::interevent_time_mad_hours--maximum_magnitude,interevent_time_mad_hours,maximum_magnitude,candidate,non_overlapping,24,365,170,estimable,,0.2455802322,0.2455802322,1,300,0.1463097333,0.3629045018,0.2165947686,0.03915980554,0.2140043531,679862498,False,1,0
CGIE3_ID_03,1d,spearman::interevent_time_mad_hours--maximum_magnitude,interevent_time_mad_hours,maximum_magnitude,candidate,rolling_full,1,8760,3853,estimable,,0.2427518202,0.2427518202,1,300,0.1504342343,0.342650493,0.1922162586,0.7413914575,0.9609467508,922748249,False,1,0
CGIE3_ID_03,1d,spearman::log10_cumulative_energy_joule--maximum_magnitude,log10_cumulative_energy_joule,maximum_magnitude,eligible,half_window_stride,12,730,507,estimable,,0.9852056696,0.9852056696,1,300,0.9800028794,0.9886361682,0.008633288809,0.5645676191,0.5507335868,287991300,False,1,0
CGIE3_ID_03,1d,spearman::log10_cumulative_energy_joule--maximum_magnitude,log10_cumulative_energy_joule,maximum_magnitude,eligible,non_overlapping,24,365,252,estimable,,0.9847065548,0.9847065548,1,300,0.9786417851,0.989316091,0.01067430583,0.2404397087,0.2140043531,984096331,False,1,0
CGIE3_ID_03,1d,spearman::log10_cumulative_energy_joule--maximum_magnitude,log10_cumulative_energy_joule,maximum_magnitude,eligible,rolling_full,1,8760,6076,estimable,,0.9858583829,0.9858583829,1,300,0.9805460158,0.9892310207,0.008685004852,0.9634139169,0.9609467508,1898116129,False,1,0
CGIE3_ID_03,1d,spearman::log10_cumulative_energy_joule--median_interevent_time_hours,log10_cumulative_energy_joule,median_interevent_time_hours,eligible,half_window_stride,12,730,328,estimable,,-0.4678515816,0.4678515816,-1,300,-0.5502327945,-0.3746288145,0.1756039799,0.5645676191,0.1325531779,1520244028,False,1,0
CGIE3_ID_03,1d,spearman::log10_cumulative_energy_joule--median_interevent_time_hours,log10_cumulative_energy_joule,median_interevent_time_hours,eligible,non_overlapping,24,365,170,estimable,,-0.5119425876,0.5119425876,-1,300,-0.5973775615,-0.3919824916,0.2053950699,0.2404397087,-0.007010455828,342137760,False,1,0
CGIE3_ID_03,1d,spearman::log10_cumulative_energy_joule--median_interevent_time_hours,log10_cumulative_energy_joule,median_interevent_time_hours,eligible,rolling_full,1,8760,3853,estimable,,-0.4366162893,0.4366162893,-1,300,-0.5320997263,-0.3412459743,0.1908537519,0.9634139169,0.8630266499,3121610080,False,1,0
CGIE3_ID_03,1d,spearman::maximum_magnitude--median_interevent_time_hours,maximum_magnitude,median_interevent_time_hours,eligible,half_window_stride,12,730,328,estimable,,-0.4405210836,0.4405210836,-1,300,-0.5188258359,-0.3498350369,0.168990799,0.5507335868,0.1325531779,718259424,False,1,0
CGIE3_ID_03,1d,spearman::maximum_magnitude--median_interevent_time_hours,maximum_magnitude,median_interevent_time_hours,eligible,non_overlapping,24,365,170,estimable,,-0.4842427915,0.4842427915,-1,300,-0.5862859836,-0.3691159129,0.2171700707,0.2140043531,-0.007010455828,1153683042,False,1,0
CGIE3_ID_03,1d,spearman::maximum_magnitude--median_interevent_time_hours,maximum_magnitude,median_interevent_time_hours,eligible,rolling_full,1,8760,3853,estimable,,-0.4042337978,0.4042337978,-1,300,-0.4897889158,-0.3161355728,0.173653343,0.9609467508,0.8630266499,1940414647,False,1,0
CGIE3_ID_03,1d,spearman::median_depth_km--spatial_dispersion_km,median_depth_km,spatial_dispersion_km,candidate,half_window_stride,12,730,328,estimable,,0.2399294442,0.2399294442,1,300,0.1241240387,0.3562446779,0.2321206392,0.5352848267,0.3987625503,3764540279,False,1,0
CGIE3_ID_03,1d,spearman::median_depth_km--spatial_dispersion_km,median_depth_km,spatial_dispersion_km,candidate,non_overlapping,24,365,170,estimable,,0.2659499542,0.2659499542,1,300,0.135368778,0.3856693713,0.2503005932,0.1926242061,0.1907334965,125835138,False,1,0
CGIE3_ID_03,1d,spearman::median_depth_km--spatial_dispersion_km,median_depth_km,spatial_dispersion_km,candidate,rolling_full,1,8760,3853,estimable,,0.2688861285,0.2688861285,1,300,0.1529875838,0.3694293642,0.2164417804,0.5130959431,0.9263553979,4018549498,False,1,0
CGIE3_ID_03,1d,spearman::median_interevent_time_hours--spatial_dispersion_km,median_interevent_time_hours,spatial_dispersion_km,eligible,half_window_stride,12,730,328,estimable,,0.464090752,0.464090752,1,300,0.3532947731,0.5482277016,0.1949329285,0.1325531779,0.3987625503,1970808825,False,1,0
CGIE3_ID_03,1d,spearman::median_interevent_time_hours--spatial_dispersion_km,median_interevent_time_hours,spatial_dispersion_km,eligible,non_overlapping,24,365,170,estimable,,0.4340264165,0.4340264165,1,300,0.3077563764,0.5357125647,0.2279561883,-0.007010455828,0.1907334965,3387566319,False,1,0
CGIE3_ID_03,1d,spearman::median_interevent_time_hours--spatial_dispersion_km,median_interevent_time_hours,spatial_dispersion_km,eligible,rolling_full,1,8760,3853,estimable,,0.4993867358,0.4993867358,1,300,0.4006452769,0.5832963591,0.1826510822,0.8630266499,0.9263553979,2561172211,False,1,0
CGIE3_ID_03,30d,spearman::depth_mad_km--median_depth_km,depth_mad_km,median_depth_km,candidate,half_window_stride,360,25,24,estimable,,-0.5638165576,0.5638165576,-1,300,-0.867356892,-0.2368891451,0.6304677468,0.4524091174,0.3432299123,2721554681,False,1,0
CGIE3_ID_03,30d,spearman::depth_mad_km--median_depth_km,depth_mad_km,median_depth_km,candidate,non_overlapping,720,13,12,estimable,,-0.5640505517,0.5640505517,-1,292,-0.8945461093,0.01569365747,0.9102397668,,,1171513338,False,1,0
CGIE3_ID_03,30d,spearman::depth_mad_km--median_depth_km,depth_mad_km,median_depth_km,candidate,rolling_full,1,8760,8707,estimable,,-0.4485559896,0.4485559896,-1,300,-0.5970060386,-0.2754644136,0.3215416251,0.996799788,0.9989476926,3585191372,False,1,0
CGIE3_ID_03,30d,spearman::event_count--interevent_time_mad_hours,event_count,interevent_time_mad_hours,eligible,half_window_stride,360,25,24,estimable,,-0.7617391304,0.7617391304,-1,300,-0.9292198896,-0.2241008772,0.7051190124,0.5820930558,0.5533494325,1949959287,False,1,0
CGIE3_ID_03,30d,spearman::event_count--interevent_time_mad_hours,event_count,interevent_time_mad_hours,eligible,non_overlapping,720,13,12,estimable,,-0.6433566434,0.6433566434,-1,300,-0.9361061857,-0.07655630402,0.8595498816,-0.06918766784,,2805704319,False,1,0
CGIE3_ID_03,30d,spearman::event_count--interevent_time_mad_hours,event_count,interevent_time_mad_hours,eligible,rolling_full,1,8760,8707,estimable,,-0.7624175354,0.7624175354,-1,300,-0.8453275088,-0.6503746945,0.1949528143,0.9999138432,0.9974650069,3886518136,False,1,0
CGIE3_ID_03,30d,spearman::event_count--log10_cumulative_energy_joule,event_count,log10_cumulative_energy_joule,eligible,half_window_stride,360,25,24,estimable,,0.2504347826,0.2504347826,1,300,-0.5392786127,0.7830001968,1.322278809,0.5820930558,0.3097594362,3541074222,False,1,0
CGIE3_ID_03,30d,spearman::event_count--log10_cumulative_energy_joule,event_count,log10_cumulative_energy_joule,eligible,non_overlapping,720,13,12,estimable,,0.1468531469,0.1468531469,1,300,-0.50988579,0.6637334258,1.173619216,-0.06918766784,,1923068030,False,1,0
CGIE3_ID_03,30d,spearman::event_count--log10_cumulative_energy_joule,event_count,log10_cumulative_energy_joule,eligible,rolling_full,1,8760,8719,estimable,,0.3148075384,0.3148075384,1,300,0.1075195764,0.4883322068,0.3808126304,0.9999138432,0.9986314761,1981972240,False,1,0
CGIE3_ID_03,30d,spearman::event_count--maximum_magnitude,event_count,maximum_magnitude,candidate,half_window_stride,360,25,24,estimable,,0.1630983936,0.1630983936,1,300,-0.4677246456,0.7398670707,1.207591716,0.5820930558,0.2841029959,1651899526,False,1,0
CGIE3_ID_03,30d,spearman::event_count--maximum_magnitude,event_count,maximum_magnitude,candidate,non_overlapping,720,13,12,estimable,,0.1719308829,0.1719308829,1,300,-0.4623982877,0.630587084,1.092985372,-0.06918766784,,1348302097,False,1,0
CGIE3_ID_03,30d,spearman::event_count--maximum_magnitude,event_count,maximum_magnitude,candidate,rolling_full,1,8760,8719,estimable,,0.2076225819,0.2076225819,1,300,0.01210976113,0.4228051414,0.4106953803,0.9999138432,0.9981598913,2345060339,False,1,0
CGIE3_ID_03,30d,spearman::event_count--median_depth_km,event_count,median_depth_km,candidate,half_window_stride,360,25,24,estimable,,-0.3434518651,0.3434518651,-1,300,-0.7378735358,0.2474511912,0.9853247271,0.5820930558,0.3432299123,2864328613,False,1,0
CGIE3_ID_03,30d,spearman::event_count--median_depth_km,event_count,median_depth_km,candidate,non_overlapping,720,13,12,estimable,,-0.1058242205,0.1058242205,-1,300,-0.6511638326,0.4758235967,1.126987429,-0.06918766784,,3830266423,False,1,0
CGIE3_ID_03,30d,spearman::event_count--median_depth_km,event_count,median_depth_km,candidate,rolling_full,1,8760,8719,estimable,,-0.2924734839,0.2924734839,-1,300,-0.4917134655,-0.07601242961,0.4157010359,0.9999138432,0.9989476926,134369536,False,1,0
CGIE3_ID_03,30d,spearman::event_count--median_interevent_time_hours,event_count,median_interevent_time_hours,candidate,half_window_stride,360,25,24,estimable,,-0.7617391304,0.7617391304,-1,300,-0.923269564,-0.3681461157,0.5551234483,0.5820930558,0.5056530679,1216888361,False,1,0
CGIE3_ID_03,30d,spearman::event_count--median_interevent_time_hours,event_count,median_interevent_time_hours,candidate,non_overlapping,720,13,12,estimable,,-0.6433566434,0.6433566434,-1,300,-0.9008739273,0.06531986532,0.9661937926,-0.06918766784,,658542919,False,1,0
CGIE3_ID_03,30d,spearman::event_count--median_interevent_time_hours,event_count,median_interevent_time_hours,candidate,rolling_full,1,8760,8707,estimable,,-0.784506337,0.784506337,-1,300,-0.8722755258,-0.6759505713,0.1963249546,0.9999138432,0.9972811975,2007946661,False,1,0
CGIE3_ID_03,30d,spearman::event_count--spatial_dispersion_km,event_count,spatial_dispersion_km,candidate,half_window_stride,360,25,24,estimable,,-0.3582608696,0.3582608696,-1,300,-0.7135055481,0.1765838897,0.8900894378,0.5820930558,0.4653103965,2402238290,False,1,0
CGIE3_ID_03,30d,spearman::event_count--spatial_dispersion_km,event_count,spatial_dispersion_km,candidate,non_overlapping,720,13,12,estimable,,-0.1188811189,0.1188811189,-1,300,-0.4830685921,0.5074626866,0.9905312786,-0.06918766784,,674115245,False,1,0
CGIE3_ID_03,30d,spearman::event_count--spatial_dispersion_km,event_count,spatial_dispersion_km,candidate,rolling_full,1,8760,8707,estimable,,-0.3093456145,0.3093456145,-1,300,-0.4958374636,-0.1279918324,0.3678456312,0.9999138432,0.9991111308,3689984693,False,1,0
CGIE3_ID_03,30d,spearman::event_count--temporal_burstiness,event_count,temporal_burstiness,candidate,half_window_stride,360,25,24,estimable,,0.6434782609,0.6434782609,1,300,0.2289458315,0.839909811,0.6109639795,0.5820930558,0.6079641407,1968617192,False,1,0
CGIE3_ID_03,30d,spearman::event_count--temporal_burstiness,event_count,temporal_burstiness,candidate,non_overlapping,720,13,12,estimable,,0.6013986014,0.6013986014,1,300,0.0573605318,0.8472984767,0.7899379449,-0.06918766784,,47284770,False,1,0
CGIE3_ID_03,30d,spearman::event_count--temporal_burstiness,event_count,temporal_burstiness,candidate,rolling_full,1,8760,8671,estimable,,0.7035004302,0.7035004302,1,300,0.5934493955,0.7955664462,0.2021170507,0.9999138432,0.999343589,1812406435,False,1,0
CGIE3_ID_03,30d,spearman::interevent_time_mad_hours--log10_cumulative_energy_joule,interevent_time_mad_hours,log10_cumulative_energy_joule,candidate,half_window_stride,360,25,24,estimable,,-0.36,0.36,-1,300,-0.7078288494,0.05300703577,0.7608358852,0.5533494325,0.3097594362,2554802572,False,1,0
CGIE3_ID_03,30d,spearman::interevent_time_mad_hours--log10_cumulative_energy_joule,interevent_time_mad_hours,log10_cumulative_energy_joule,candidate,non_overlapping,720,13,12,estimable,,-0.1188811189,0.1188811189,-1,300,-0.6611441364,0.319399419,0.9805435555,,,2132568774,False,1,0
CGIE3_ID_03,30d,spearman::interevent_time_mad_hours--log10_cumulative_energy_joule,interevent_time_mad_hours,log10_cumulative_energy_joule,candidate,rolling_full,1,8760,8707,estimable,,-0.3524839608,0.3524839608,-1,300,-0.5293688217,-0.1718534995,0.3575153222,0.9974650069,0.9986314761,3937067748,False,1,0
CGIE3_ID_03,30d,spearman::interevent_time_mad_hours--maximum_magnitude,interevent_time_mad_hours,maximum_magnitude,candidate,half_window_stride,360,25,24,estimable,,-0.2925276818,0.2925276818,-1,300,-0.6988898958,0.1743194409,0.8732093367,0.5533494325,0.2841029959,3128399433,False,1,0
CGIE3_ID_03,30d,spearman::interevent_time_mad_hours--maximum_magnitude,interevent_time_mad_hours,maximum_magnitude,candidate,non_overlapping,720,13,12,estimable,,-0.1087725994,0.1087725994,-1,300,-0.6289517156,0.3115889271,0.9405406427,,,2209038578,False,1,0
CGIE3_ID_03,30d,spearman::interevent_time_mad_hours--maximum_magnitude,interevent_time_mad_hours,maximum_magnitude,candidate,rolling_full,1,8760,8707,estimable,,-0.2739458103,0.2739458103,-1,300,-0.4323631823,-0.07408730355,0.3582758787,0.9974650069,0.9981598913,3255005680,False,1,0
CGIE3_ID_03,30d,spearman::interevent_time_mad_hours--median_depth_km,interevent_time_mad_hours,median_depth_km,candidate,half_window_stride,360,25,24,estimable,,0.6161930522,0.6161930522,1,300,0.3220665013,0.7526226875,0.4305561861,0.5533494325,0.3432299123,228908028,False,1,0
CGIE3_ID_03,30d,spearman::interevent_time_mad_hours--median_depth_km,interevent_time_mad_hours,median_depth_km,candidate,non_overlapping,720,13,12,estimable,,0.5890881609,0.5890881609,1,300,0.08725978648,0.8371611932,0.7499014067,,,3878166222,False,1,0
CGIE3_ID_03,30d,spearman::interevent_time_mad_hours--median_depth_km,interevent_time_mad_hours,median_depth_km,candidate,rolling_full,1,8760,8707,estimable,,0.5475655167,0.5475655167,1,300,0.4033366249,0.6630056326,0.2596690078,0.9974650069,0.9989476926,1653845945,False,1,0
CGIE3_ID_03,30d,spearman::interevent_time_mad_hours--median_interevent_time_hours,interevent_time_mad_hours,median_interevent_time_hours,eligible,half_window_stride,360,25,24,estimable,,1,1,1,300,1,1,1.110223025e-16,0.5533494325,0.5056530679,26366101,False,1,0
CGIE3_ID_03,30d,spearman::interevent_time_mad_hours--median_interevent_time_hours,interevent_time_mad_hours,median_interevent_time_hours,eligible,non_overlapping,720,13,12,estimable,,1,1,1,300,1,1,1.110223025e-16,,,1846273033,False,1,0
CGIE3_ID_03,30d,spearman::interevent_time_mad_hours--median_interevent_time_hours,interevent_time_mad_hours,median_interevent_time_hours,eligible,rolling_full,1,8760,8707,estimable,,0.9768087719,0.9768087719,1,300,0.9299068022,0.999179689,0.06927288676,0.9974650069,0.9972811975,2402889535,False,1,0
CGIE3_ID_03,30d,spearman::interevent_time_mad_hours--spatial_dispersion_km,interevent_time_mad_hours,spatial_dispersion_km,eligible,half_window_stride,360,25,24,estimable,,0.6382608696,0.6382608696,1,300,0.2827423639,0.8199605609,0.537218197,0.5533494325,0.4653103965,378582255,False,1,0
CGIE3_ID_03,30d,spearman::interevent_time_mad_hours--spatial_dispersion_km,interevent_time_mad_hours,spatial_dispersion_km,eligible,non_overlapping,720,13,12,estimable,,0.3986013986,0.3986013986,1,300,-0.07142857143,0.7971361259,0.8685646974,,,2291538303,False,1,0
CGIE3_ID_03,30d,spearman::interevent_time_mad_hours--spatial_dispersion_km,interevent_time_mad_hours,spatial_dispersion_km,eligible,rolling_full,1,8760,8707,estimable,,0.6003236393,0.6003236393,1,300,0.4570077288,0.7278481426,0.2708404139,0.9974650069,0.9991111308,3216803577,False,1,0
CGIE3_ID_03,30d,spearman::interevent_time_mad_hours--temporal_burstiness,interevent_time_mad_hours,temporal_burstiness,eligible,half_window_stride,360,25,24,estimable,,-0.8617391304,0.8617391304,-1,300,-0.9402003427,-0.7316112691,0.2085890736,0.5533494325,0.6079641407,87179651,False,1,0
CGIE3_ID_03,30d,spearman::interevent_time_mad_hours--temporal_burstiness,interevent_time_mad_hours,temporal_burstiness,eligible,non_overlapping,720,13,12,estimable,,-0.7342657343,0.7342657343,-1,300,-0.9411764706,-0.4706600202,0.4705164504,,,405113458,False,1,0
CGIE3_ID_03,30d,spearman::interevent_time_mad_hours--temporal_burstiness,interevent_time_mad_hours,temporal_burstiness,eligible,rolling_full,1,8760,8671,estimable,,-0.8709167861,0.8709167861,-1,300,-0.9099633084,-0.808750489,0.1012128194,0.9974650069,0.999343589,2111441526,False,1,0
CGIE3_ID_03,30d,spearman::log10_cumulative_energy_joule--maximum_magnitude,log10_cumulative_energy_joule,maximum_magnitude,eligible,half_window_stride,360,25,24,estimable,,0.971594184,0.971594184,1,300,0.9303827204,0.9867008029,0.05631808248,0.3097594362,0.2841029959,3036611456,False,1,0
CGIE3_ID_03,30d,spearman::log10_cumulative_energy_joule--maximum_magnitude,log10_cumulative_energy_joule,maximum_magnitude,eligible,non_overlapping,720,13,12,estimable,,0.961409427,0.961409427,1,300,0.9133145429,1,0.08668545712,,,1280369050,False,1,0
CGIE3_ID_03,30d,spearman::log10_cumulative_energy_joule--maximum_magnitude,log10_cumulative_energy_joule,maximum_magnitude,eligible,rolling_full,1,8760,8719,estimable,,0.9721793308,0.9721793308,1,300,0.9515611393,0.9805627674,0.02900162808,0.9986314761,0.9981598913,4238314957,False,1,0
CGIE3_ID_03,30d,spearman::log10_cumulative_energy_joule--median_interevent_time_hours,log10_cumulative_energy_joule,median_interevent_time_hours,candidate,half_window_stride,360,25,24,estimable,,-0.36,0.36,-1,300,-0.7039139622,0.2148349179,0.9187488802,0.3097594362,0.5056530679,2921303422,False,1,0
CGIE3_ID_03,30d,spearman::log10_cumulative_energy_joule--median_interevent_time_hours,log10_cumulative_energy_joule,median_interevent_time_hours,candidate,non_overlapping,720,13,12,estimable,,-0.1188811189,0.1188811189,-1,300,-0.6334886528,0.3571293419,0.9906179947,,,290971039,False,1,0
CGIE3_ID_03,30d,spearman::log10_cumulative_energy_joule--median_interevent_time_hours,log10_cumulative_energy_joule,median_interevent_time_hours,candidate,rolling_full,1,8760,8707,estimable,,-0.3744843013,0.3744843013,-1,300,-0.530533037,-0.1486068898,0.3819261472,0.9986314761,0.9972811975,1629643961,False,1,0
CGIE3_ID_03,30d,spearman::log10_cumulative_energy_joule--temporal_burstiness,log10_cumulative_energy_joule,temporal_burstiness,candidate,half_window_stride,360,25,24,estimable,,0.4504347826,0.4504347826,1,300,0.1533857924,0.7974213287,0.6440355363,0.3097594362,0.6079641407,1160746979,False,1,0
CGIE3_ID_03,30d,spearman::log10_cumulative_energy_joule--temporal_burstiness,log10_cumulative_energy_joule,temporal_burstiness,candidate,non_overlapping,720,13,12,estimable,,0.3006993007,0.3006993007,1,300,-0.1875794357,0.7909574468,0.9785368825,,,1087099485,False,1,0
CGIE3_ID_03,30d,spearman::log10_cumulative_energy_joule--temporal_burstiness,log10_cumulative_energy_joule,temporal_burstiness,candidate,rolling_full,1,8760,8671,estimable,,0.4489356734,0.4489356734,1,300,0.2746607307,0.6085954263,0.3339346956,0.9986314761,0.999343589,2493553809,False,1,0
CGIE3_ID_03,30d,spearman::maximum_magnitude--median_interevent_time_hours,maximum_magnitude,median_interevent_time_hours,candidate,half_window_stride,360,25,24,estimable,,-0.2925276818,0.2925276818,-1,300,-0.661956928,0.2500942586,0.9120511866,0.2841029959,0.5056530679,1388967114,False,1,0
CGIE3_ID_03,30d,spearman::maximum_magnitude--median_interevent_time_hours,maximum_magnitude,median_interevent_time_hours,candidate,non_overlapping,720,13,12,estimable,,-0.1087725994,0.1087725994,-1,300,-0.5175316415,0.3079689431,0.8255005846,,,3451597772,False,1,0
CGIE3_ID_03,30d,spearman::maximum_magnitude--median_interevent_time_hours,maximum_magnitude,median_interevent_time_hours,candidate,rolling_full,1,8760,8707,estimable,,-0.2956620938,0.2956620938,-1,300,-0.453798764,-0.07059008195,0.383208682,0.9981598913,0.9972811975,1817649888,False,1,0
CGIE3_ID_03,30d,spearman::maximum_magnitude--temporal_burstiness,maximum_magnitude,temporal_burstiness,eligible,half_window_stride,360,25,24,estimable,,0.4049037868,0.4049037868,1,300,0.08226218267,0.7735773476,0.691315165,0.2841029959,0.6079641407,938777454,False,1,0
CGIE3_ID_03,30d,spearman::maximum_magnitude--temporal_burstiness,maximum_magnitude,temporal_burstiness,eligible,non_overlapping,720,13,12,estimable,,0.3438617659,0.3438617659,1,300,-0.1914893617,0.8,0.9914893617,,,2019514780,False,1,0
CGIE3_ID_03,30d,spearman::maximum_magnitude--temporal_burstiness,maximum_magnitude,temporal_burstiness,eligible,rolling_full,1,8760,8671,estimable,,0.3919860475,0.3919860475,1,300,0.1862825695,0.5727718028,0.3864892333,0.9981598913,0.999343589,1364969051,False,1,0
CGIE3_ID_03,30d,spearman::median_depth_km--median_interevent_time_hours,median_depth_km,median_interevent_time_hours,candidate,half_window_stride,360,25,24,estimable,,0.6161930522,0.6161930522,1,300,0.3040217013,0.7470947146,0.4430730133,0.3432299123,0.5056530679,1558223810,False,1,0
CGIE3_ID_03,30d,spearman::median_depth_km--median_interevent_time_hours,median_depth_km,median_interevent_time_hours,candidate,non_overlapping,720,13,12,estimable,,0.5890881609,0.5890881609,1,300,0.1898942421,0.8948554221,0.70496118,,,3361093249,False,1,0
CGIE3_ID_03,30d,spearman::median_depth_km--median_interevent_time_hours,median_depth_km,median_interevent_time_hours,candidate,rolling_full,1,8760,8707,estimable,,0.5453375348,0.5453375348,1,300,0.3896715246,0.6596575771,0.2699860524,0.9989476926,0.9972811975,3175497879,False,1,0
CGIE3_ID_03,30d,spearman::median_depth_km--spatial_dispersion_km,median_depth_km,spatial_dispersion_km,eligible,half_window_stride,360,25,24,estimable,,0.772986295,0.772986295,1,300,0.3641967472,0.9322190109,0.5680222637,0.3432299123,0.4653103965,1189878668,False,1,0
CGIE3_ID_03,30d,spearman::median_depth_km--spatial_dispersion_km,median_depth_km,spatial_dispersion_km,eligible,non_overlapping,720,13,12,estimable,,0.7125497515,0.7125497515,1,300,0.364629853,0.9533920459,0.5887621928,,,970996487,False,1,0
CGIE3_ID_03,30d,spearman::median_depth_km--spatial_dispersion_km,median_depth_km,spatial_dispersion_km,eligible,rolling_full,1,8760,8707,estimable,,0.7668159829,0.7668159829,1,300,0.6823285629,0.8253196644,0.1429911015,0.9989476926,0.9991111308,177172381,False,1,0
CGIE3_ID_03,30d,spearman::median_interevent_time_hours--spatial_dispersion_km,median_interevent_time_hours,spatial_dispersion_km,eligible,half_window_stride,360,25,24,estimable,,0.6382608696,0.6382608696,1,300,0.3102144289,0.8149768718,0.5047624429,0.5056530679,0.4653103965,3913732552,False,1,0
CGIE3_ID_03,30d,spearman::median_interevent_time_hours--spatial_dispersion_km,median_interevent_time_hours,spatial_dispersion_km,eligible,non_overlapping,720,13,12,estimable,,0.3986013986,0.3986013986,1,300,-0.06014106864,0.7438145897,0.8039556583,,,896605724,False,1,0
CGIE3_ID_03,30d,spearman::median_interevent_time_hours--spatial_dispersion_km,median_interevent_time_hours,spatial_dispersion_km,eligible,rolling_full,1,8760,8707,estimable,,0.6227898219,0.6227898219,1,300,0.4485525056,0.7454312417,0.2968787361,0.9972811975,0.9991111308,1369063286,False,1,0
CGIE3_ID_03,30d,spearman::median_interevent_time_hours--temporal_burstiness,median_interevent_time_hours,temporal_burstiness,eligible,half_window_stride,360,25,24,estimable,,-0.8617391304,0.8617391304,-1,300,-0.9382655135,-0.7343626866,0.2039028269,0.5056530679,0.6079641407,2089938924,False,1,0
CGIE3_ID_03,30d,spearman::median_interevent_time_hours--temporal_burstiness,median_interevent_time_hours,temporal_burstiness,eligible,non_overlapping,720,13,12,estimable,,-0.7342657343,0.7342657343,-1,300,-0.949479927,-0.4819148936,0.4675650334,,,1298198748,False,1,0
CGIE3_ID_03,30d,spearman::median_interevent_time_hours--temporal_burstiness,median_interevent_time_hours,temporal_burstiness,eligible,rolling_full,1,8760,8671,estimable,,-0.8710282538,0.8710282538,-1,300,-0.901592368,-0.8092040723,0.09238829572,0.9972811975,0.999343589,1006122059,False,1,0
CGIE3_ID_03,30d,spearman::spatial_dispersion_km--temporal_burstiness,spatial_dispersion_km,temporal_burstiness,candidate,half_window_stride,360,25,24,estimable,,-0.4956521739,0.4956521739,-1,300,-0.7548068982,-0.1523951519,0.6024117463,0.4653103965,0.6079641407,3198696873,False,1,0
CGIE3_ID_03,30d,spearman::spatial_dispersion_km--temporal_burstiness,spatial_dispersion_km,temporal_burstiness,candidate,non_overlapping,720,13,12,estimable,,-0.1818181818,0.1818181818,-1,300,-0.5975227427,0.51912965,1.116652393,,,985599987,False,1,0
CGIE3_ID_03,30d,spearman::spatial_dispersion_km--temporal_burstiness,spatial_dispersion_km,temporal_burstiness,candidate,rolling_full,1,8760,8671,estimable,,-0.4276225484,0.4276225484,-1,300,-0.597520427,-0.2247389058,0.3727815212,0.9991111308,0.999343589,2727435025,False,1,0
CGIE3_ID_03,3d,spearman::depth_mad_km--median_depth_km,depth_mad_km,median_depth_km,candidate,half_window_stride,36,244,203,estimable,,-0.216406489,0.216406489,-1,300,-0.3630910077,-0.06395948135,0.2991315263,0.1499677269,0.4530982453,2074145881,False,1,0
CGIE3_ID_03,3d,spearman::depth_mad_km--median_depth_km,depth_mad_km,median_depth_km,candidate,non_overlapping,72,122,104,estimable,,-0.2867477422,0.2867477422,-1,300,-0.4248503076,-0.1504916107,0.274358697,-0.0620694019,0.1622728811,2554055967,False,1,0
CGIE3_ID_03,3d,spearman::depth_mad_km--median_depth_km,depth_mad_km,median_depth_km,candidate,rolling_full,1,8760,7429,estimable,,-0.2500408068,0.2500408068,-1,300,-0.3737475242,-0.1193959578,0.2543515664,0.9620730149,0.9844995421,1285661383,False,1,0
CGIE3_ID_03,3d,spearman::event_count--log10_cumulative_energy_joule,event_count,log10_cumulative_energy_joule,eligible,half_window_stride,36,244,235,estimable,,0.7834922957,0.7834922957,1,300,0.6842073561,0.8540427616,0.1698354055,0.7130238443,0.595950415,3633266529,False,1,0
CGIE3_ID_03,3d,spearman::event_count--log10_cumulative_energy_joule,event_count,log10_cumulative_energy_joule,eligible,non_overlapping,72,122,120,estimable,,0.7853127631,0.7853127631,1,300,0.6814799725,0.855831022,0.1743510495,0.4304203569,0.2471061311,1425067482,False,1,0
CGIE3_ID_03,3d,spearman::event_count--log10_cumulative_energy_joule,event_count,log10_cumulative_energy_joule,eligible,rolling_full,1,8760,8366,estimable,,0.7643132483,0.7643132483,1,300,0.6873605201,0.8231752227,0.1358147027,0.9984477651,0.9887866175,3163608224,False,1,0
CGIE3_ID_03,3d,spearman::event_count--maximum_magnitude,event_count,maximum_magnitude,eligible,half_window_stride,36,244,235,estimable,,0.7113683819,0.7113683819,1,300,0.598628589,0.7839244292,0.1852958402,0.7130238443,0.5845756772,3008384319,False,1,0
CGIE3_ID_03,3d,spearman::event_count--maximum_magnitude,event_count,maximum_magnitude,eligible,non_overlapping,72,122,120,estimable,,0.7220867388,0.7220867388,1,300,0.587320301,0.7949839249,0.2076636239,0.4304203569,0.2062929098,493593927,False,1,0
CGIE3_ID_03,3d,spearman::event_count--maximum_magnitude,event_count,maximum_magnitude,eligible,rolling_full,1,8760,8366,estimable,,0.6849611887,0.6849611887,1,300,0.6005725188,0.747684462,0.1471119432,0.9984477651,0.98777766,2378359609,False,1,0
CGIE3_ID_03,3d,spearman::event_count--median_interevent_time_hours,event_count,median_interevent_time_hours,eligible,half_window_stride,36,244,203,estimable,,-0.6986685712,0.6986685712,-1,300,-0.783672468,-0.6057144378,0.1779580302,0.7130238443,0.1893465134,1157748597,False,1,0
CGIE3_ID_03,3d,spearman::event_count--median_interevent_time_hours,event_count,median_interevent_time_hours,eligible,non_overlapping,72,122,104,estimable,,-0.7016862184,0.7016862184,-1,300,-0.8118935862,-0.5434870065,0.2684065797,0.4304203569,0.001092652372,4246633761,False,1,0
CGIE3_ID_03,3d,spearman::event_count--median_interevent_time_hours,event_count,median_interevent_time_hours,eligible,rolling_full,1,8760,7429,estimable,,-0.6985971355,0.6985971355,-1,300,-0.777688755,-0.5930639115,0.1846248434,0.9984477651,0.9583791977,4125617838,False,1,0
CGIE3_ID_03,3d,spearman::event_count--temporal_burstiness,event_count,temporal_burstiness,eligible,half_window_stride,36,244,176,estimable,,0.7399057576,0.7399057576,1,300,0.6654669045,0.7940037358,0.1285368314,0.7130238443,0.4338489475,419887621,False,1,0
CGIE3_ID_03,3d,spearman::event_count--temporal_burstiness,event_count,temporal_burstiness,eligible,non_overlapping,72,122,86,estimable,,0.74194066,0.74194066,1,300,0.6135276028,0.8299254557,0.2163978529,0.4304203569,0.162952833,3179712314,False,1,0
CGIE3_ID_03,3d,spearman::event_count--temporal_burstiness,event_count,temporal_burstiness,eligible,rolling_full,1,8760,6411,estimable,,0.726327815,0.726327815,1,300,0.6422514072,0.781726412,0.1394750048,0.9984477651,0.9656062031,4005608482,False,1,0
CGIE3_ID_03,3d,spearman::interevent_time_mad_hours--median_depth_km,interevent_time_mad_hours,median_depth_km,candidate,half_window_stride,36,244,203,estimable,,0.1855596792,0.1855596792,1,300,0.03001683225,0.3382718656,0.3082550334,0.2465050301,0.4530982453,1959444812,False,1,0
CGIE3_ID_03,3d,spearman::interevent_time_mad_hours--median_depth_km,interevent_time_mad_hours,median_depth_km,candidate,non_overlapping,72,122,104,estimable,,0.2007003382,0.2007003382,1,300,0.01712112198,0.3489765356,0.3318554136,0.1430160239,0.1622728811,1834897849,False,1,0
CGIE3_ID_03,3d,spearman::interevent_time_mad_hours--median_depth_km,interevent_time_mad_hours,median_depth_km,candidate,rolling_full,1,8760,7429,estimable,,0.2309277449,0.2309277449,1,300,0.1012870576,0.3408058182,0.2395187607,0.8973207033,0.9844995421,1143338495,False,1,0
CGIE3_ID_03,3d,spearman::interevent_time_mad_hours--median_interevent_time_hours,interevent_time_mad_hours,median_interevent_time_hours,candidate,half_window_stride,36,244,203,estimable,,0.3982381852,0.3982381852,1,300,0.184568494,0.6106934939,0.4261249998,0.2465050301,0.1893465134,659797790,False,1,0
CGIE3_ID_03,3d,spearman::interevent_time_mad_hours--median_interevent_time_hours,interevent_time_mad_hours,median_interevent_time_hours,candidate,non_overlapping,72,122,104,estimable,,0.3623053685,0.3623053685,1,300,0.1004399603,0.6245865545,0.5241465942,0.1430160239,0.001092652372,728836365,False,1,0
CGIE3_ID_03,3d,spearman::interevent_time_mad_hours--median_interevent_time_hours,interevent_time_mad_hours,median_interevent_time_hours,candidate,rolling_full,1,8760,7429,estimable,,0.3619797493,0.3619797493,1,300,0.2102500203,0.4978580204,0.2876080002,0.8973207033,0.9583791977,4105264917,False,1,0
CGIE3_ID_03,3d,spearman::interevent_time_mad_hours--temporal_burstiness,interevent_time_mad_hours,temporal_burstiness,eligible,half_window_stride,36,244,176,estimable,,-0.6660738096,0.6660738096,-1,300,-0.7612312358,-0.5410958381,0.2201353977,0.2465050301,0.4338489475,3977801079,False,1,0
CGIE3_ID_03,3d,spearman::interevent_time_mad_hours--temporal_burstiness,interevent_time_mad_hours,temporal_burstiness,eligible,non_overlapping,72,122,86,estimable,,-0.7783480353,0.7783480353,-1,300,-0.8400164864,-0.6809283104,0.159088176,0.1430160239,0.162952833,802933385,False,1,0
CGIE3_ID_03,3d,spearman::interevent_time_mad_hours--temporal_burstiness,interevent_time_mad_hours,temporal_burstiness,eligible,rolling_full,1,8760,6411,estimable,,-0.6501812247,0.6501812247,-1,300,-0.7335283775,-0.5456967515,0.1878316259,0.8973207033,0.9656062031,960257055,False,1,0
CGIE3_ID_03,3d,spearman::log10_cumulative_energy_joule--maximum_magnitude,log10_cumulative_energy_joule,maximum_magnitude,eligible,half_window_stride,36,244,235,estimable,,0.9869839116,0.9869839116,1,300,0.9795001027,0.9907265925,0.01122648978,0.595950415,0.5845756772,2304672968,False,1,0
CGIE3_ID_03,3d,spearman::log10_cumulative_energy_joule--maximum_magnitude,log10_cumulative_energy_joule,maximum_magnitude,eligible,non_overlapping,72,122,120,estimable,,0.9882666196,0.9882666196,1,300,0.9802409706,0.9910986666,0.010857696,0.2471061311,0.2062929098,975075779,False,1,0
CGIE3_ID_03,3d,spearman::log10_cumulative_energy_joule--maximum_magnitude,log10_cumulative_energy_joule,maximum_magnitude,eligible,rolling_full,1,8760,8366,estimable,,0.9857719933,0.9857719933,1,300,0.9784394724,0.9895287268,0.01108925438,0.9887866175,0.98777766,2145876707,False,1,0
CGIE3_ID_03,3d,spearman::log10_cumulative_energy_joule--median_interevent_time_hours,log10_cumulative_energy_joule,median_interevent_time_hours,eligible,half_window_stride,36,244,203,estimable,,-0.6342518757,0.6342518757,-1,300,-0.7167285705,-0.5186712436,0.1980573269,0.595950415,0.1893465134,3887176580,False,1,0
CGIE3_ID_03,3d,spearman::log10_cumulative_energy_joule--median_interevent_time_hours,log10_cumulative_energy_joule,median_interevent_time_hours,eligible,non_overlapping,72,122,104,estimable,,-0.6319265331,0.6319265331,-1,300,-0.7255740885,-0.5063386352,0.2192354533,0.2471061311,0.001092652372,922714537,False,1,0
CGIE3_ID_03,3d,spearman::log10_cumulative_energy_joule--median_interevent_time_hours,log10_cumulative_energy_joule,median_interevent_time_hours,eligible,rolling_full,1,8760,7429,estimable,,-0.6192985896,0.6192985896,-1,300,-0.6915223175,-0.5142884117,0.1772339058,0.9887866175,0.9583791977,909773841,False,1,0
CGIE3_ID_03,3d,spearman::log10_cumulative_energy_joule--temporal_burstiness,log10_cumulative_energy_joule,temporal_burstiness,eligible,half_window_stride,36,244,176,estimable,,0.615943975,0.615943975,1,300,0.4981468663,0.7124809473,0.214334081,0.595950415,0.4338489475,1844271609,False,1,0
CGIE3_ID_03,3d,spearman::log10_cumulative_energy_joule--temporal_burstiness,log10_cumulative_energy_joule,temporal_burstiness,eligible,non_overlapping,72,122,86,estimable,,0.5503750177,0.5503750177,1,300,0.4071421789,0.6516906527,0.2445484738,0.2471061311,0.162952833,3241351116,False,1,0
CGIE3_ID_03,3d,spearman::log10_cumulative_energy_joule--temporal_burstiness,log10_cumulative_energy_joule,temporal_burstiness,eligible,rolling_full,1,8760,6411,estimable,,0.6035365782,0.6035365782,1,300,0.488093721,0.6901680302,0.2020743092,0.9887866175,0.9656062031,2723160988,False,1,0
CGIE3_ID_03,3d,spearman::maximum_magnitude--median_interevent_time_hours,maximum_magnitude,median_interevent_time_hours,eligible,half_window_stride,36,244,203,estimable,,-0.5923265507,0.5923265507,-1,300,-0.6707047344,-0.4809095255,0.1897952089,0.5845756772,0.1893465134,2839100883,False,1,0
CGIE3_ID_03,3d,spearman::maximum_magnitude--median_interevent_time_hours,maximum_magnitude,median_interevent_time_hours,eligible,non_overlapping,72,122,104,estimable,,-0.5841945901,0.5841945901,-1,300,-0.6867252407,-0.46513168,0.2215935607,0.2062929098,0.001092652372,3771901358,False,1,0
CGIE3_ID_03,3d,spearman::maximum_magnitude--median_interevent_time_hours,maximum_magnitude,median_interevent_time_hours,eligible,rolling_full,1,8760,7429,estimable,,-0.5691115683,0.5691115683,-1,300,-0.6577167047,-0.4757123254,0.1820043793,0.98777766,0.9583791977,1398029862,False,1,0
CGIE3_ID_03,3d,spearman::maximum_magnitude--temporal_burstiness,maximum_magnitude,temporal_burstiness,eligible,half_window_stride,36,244,176,estimable,,0.5685028856,0.5685028856,1,300,0.4322226802,0.6844392553,0.2522165751,0.5845756772,0.4338489475,1705754869,False,1,0
CGIE3_ID_03,3d,spearman::maximum_magnitude--temporal_burstiness,maximum_magnitude,temporal_burstiness,eligible,non_overlapping,72,122,86,estimable,,0.4877192662,0.4877192662,1,300,0.3365230431,0.5937639612,0.2572409181,0.2062929098,0.162952833,1479686152,False,1,0
CGIE3_ID_03,3d,spearman::maximum_magnitude--temporal_burstiness,maximum_magnitude,temporal_burstiness,eligible,rolling_full,1,8760,6411,estimable,,0.5554651543,0.5554651543,1,300,0.4262502982,0.6557615391,0.2295112409,0.98777766,0.9656062031,1992014229,False,1,0
CGIE3_ID_03,3d,spearman::median_depth_km--spatial_dispersion_km,median_depth_km,spatial_dispersion_km,candidate,half_window_stride,36,244,203,estimable,,0.2936141292,0.2936141292,1,300,0.1485496273,0.4363914714,0.2878418441,0.4530982453,0.4338499024,2813135551,False,1,0
CGIE3_ID_03,3d,spearman::median_depth_km--spatial_dispersion_km,median_depth_km,spatial_dispersion_km,candidate,non_overlapping,72,122,104,estimable,,0.2830931265,0.2830931265,1,300,0.1259020088,0.4114691513,0.2855671425,0.1622728811,0.1969239809,3999462626,False,1,0
CGIE3_ID_03,3d,spearman::median_depth_km--spatial_dispersion_km,median_depth_km,spatial_dispersion_km,candidate,rolling_full,1,8760,7429,estimable,,0.3355845205,0.3355845205,1,300,0.1855126737,0.4561286773,0.2706160036,0.9844995421,0.9722844533,1171919782,False,1,0
CGIE3_ID_03,3d,spearman::median_interevent_time_hours--spatial_dispersion_km,median_interevent_time_hours,spatial_dispersion_km,candidate,half_window_stride,36,244,203,estimable,,0.3660734203,0.3660734203,1,300,0.2311057246,0.501226781,0.2701210564,0.1893465134,0.4338499024,4291628134,False,1,0
CGIE3_ID_03,3d,spearman::median_interevent_time_hours--spatial_dispersion_km,median_interevent_time_hours,spatial_dispersion_km,candidate,non_overlapping,72,122,104,estimable,,0.3470607063,0.3470607063,1,300,0.1636296911,0.5145320563,0.3509023651,0.001092652372,0.1969239809,2441974660,False,1,0
CGIE3_ID_03,3d,spearman::median_interevent_time_hours--spatial_dispersion_km,median_interevent_time_hours,spatial_dispersion_km,candidate,rolling_full,1,8760,7429,estimable,,0.3159157065,0.3159157065,1,300,0.1913630712,0.4395571067,0.2481940355,0.9583791977,0.9722844533,2311348477,False,1,0
CGIE3_ID_03,3d,spearman::median_interevent_time_hours--temporal_burstiness,median_interevent_time_hours,temporal_burstiness,eligible,half_window_stride,36,244,176,estimable,,-0.8182592608,0.8182592608,-1,300,-0.8791884956,-0.725086958,0.1541015376,0.1893465134,0.4338489475,3980771547,False,1,0
CGIE3_ID_03,3d,spearman::median_interevent_time_hours--temporal_burstiness,median_interevent_time_hours,temporal_burstiness,eligible,non_overlapping,72,122,86,estimable,,-0.8776357375,0.8776357375,-1,300,-0.9065441016,-0.8310756002,0.07546850136,0.001092652372,0.162952833,2518179549,False,1,0
CGIE3_ID_03,3d,spearman::median_interevent_time_hours--temporal_burstiness,median_interevent_time_hours,temporal_burstiness,eligible,rolling_full,1,8760,6411,estimable,,-0.8153786569,0.8153786569,-1,300,-0.8649169915,-0.739582245,0.1253347465,0.9583791977,0.9656062031,2455222021,False,1,0
CGIE3_ID_03,3d,spearman::spatial_dispersion_km--temporal_burstiness,spatial_dispersion_km,temporal_burstiness,candidate,half_window_stride,36,244,176,estimable,,-0.3399875412,0.3399875412,-1,300,-0.5058438268,-0.1603721768,0.34547165,0.4338499024,0.4338489475,843917023,False,1,0
CGIE3_ID_03,3d,spearman::spatial_dispersion_km--temporal_burstiness,spatial_dispersion_km,temporal_burstiness,candidate,non_overlapping,72,122,86,estimable,,-0.3744987971,0.3744987971,-1,300,-0.5377668684,-0.1927919295,0.3449749389,0.1969239809,0.162952833,2510698002,False,1,0
CGIE3_ID_03,3d,spearman::spatial_dispersion_km--temporal_burstiness,spatial_dispersion_km,temporal_burstiness,candidate,rolling_full,1,8760,6411,estimable,,-0.3260219094,0.3260219094,-1,300,-0.454070472,-0.1813778173,0.2726926547,0.9722844533,0.9656062031,1530755178,False,1,0
CGIE3_ID_03,7d,spearman::depth_mad_km--median_depth_km,depth_mad_km,median_depth_km,eligible,half_window_stride,84,105,104,estimable,,-0.3606844964,0.3606844964,-1,300,-0.5191383388,-0.1789111571,0.3402271817,0.1400975074,0.480047654,2880629033,False,1,0
CGIE3_ID_03,7d,spearman::depth_mad_km--median_depth_km,depth_mad_km,median_depth_km,eligible,non_overlapping,168,53,52,estimable,,-0.3795486183,0.3795486183,-1,300,-0.592493788,-0.1600586622,0.4324351258,-0.1911215666,0.1693900766,4159389358,False,1,0
CGIE3_ID_03,7d,spearman::depth_mad_km--median_depth_km,depth_mad_km,median_depth_km,eligible,rolling_full,1,8760,8676,estimable,,-0.364965898,0.364965898,-1,300,-0.5003116007,-0.2002656513,0.3000459494,0.9833793059,0.9939618396,4106086190,False,1,0
CGIE3_ID_03,7d,spearman::event_count--interevent_time_mad_hours,event_count,interevent_time_mad_hours,eligible,half_window_stride,84,105,104,estimable,,-0.6381592776,0.6381592776,-1,300,-0.8049592923,-0.4052352602,0.3997240321,0.6100432767,0.03473897336,3261329705,False,1,0
CGIE3_ID_03,7d,spearman::event_count--interevent_time_mad_hours,event_count,interevent_time_mad_hours,eligible,non_overlapping,168,53,52,estimable,,-0.7096145467,0.7096145467,-1,300,-0.8064159573,-0.5692708688,0.2371450886,0.1794062836,-0.1016503289,1489509424,False,1,0
CGIE3_ID_03,7d,spearman::event_count--interevent_time_mad_hours,event_count,interevent_time_mad_hours,eligible,rolling_full,1,8760,8676,estimable,,-0.688406885,0.688406885,-1,300,-0.7681332835,-0.593126454,0.1750068296,0.9995112049,0.9698050164,1886251345,False,1,0
CGIE3_ID_03,7d,spearman::event_count--log10_cumulative_energy_joule,event_count,log10_cumulative_energy_joule,eligible,half_window_stride,84,105,104,estimable,,0.755011527,0.755011527,1,300,0.6194692107,0.829739778,0.2102705673,0.6100432767,0.5217584676,148653609,False,1,0
CGIE3_ID_03,7d,spearman::event_count--log10_cumulative_energy_joule,event_count,log10_cumulative_energy_joule,eligible,non_overlapping,168,53,52,estimable,,0.7639567123,0.7639567123,1,300,0.6339112502,0.8528793977,0.2189681474,0.1794062836,0.05544061626,3096142829,False,1,0
CGIE3_ID_03,7d,spearman::event_count--log10_cumulative_energy_joule,event_count,log10_cumulative_energy_joule,eligible,rolling_full,1,8760,8719,estimable,,0.7666303704,0.7666303704,1,300,0.6948351937,0.8240390325,0.1292038388,0.9995112049,0.9944621502,150662671,False,1,0
CGIE3_ID_03,7d,spearman::event_count--maximum_magnitude,event_count,maximum_magnitude,eligible,half_window_stride,84,105,104,estimable,,0.684602912,0.684602912,1,300,0.5422894836,0.7644664517,0.2221769682,0.6100432767,0.5037104416,3299486033,False,1,0
CGIE3_ID_03,7d,spearman::event_count--maximum_magnitude,event_count,maximum_magnitude,eligible,non_overlapping,168,53,52,estimable,,0.7077448146,0.7077448146,1,300,0.5301726112,0.8115940014,0.2814213902,0.1794062836,0.08682642014,3968367927,False,1,0
CGIE3_ID_03,7d,spearman::event_count--maximum_magnitude,event_count,maximum_magnitude,eligible,rolling_full,1,8760,8719,estimable,,0.6896061577,0.6896061577,1,300,0.5879478994,0.7634011937,0.1754532942,0.9995112049,0.9934766805,2297259701,False,1,0
CGIE3_ID_03,7d,spearman::event_count--median_depth_km,event_count,median_depth_km,candidate,half_window_stride,84,105,104,estimable,,-0.2272980135,0.2272980135,-1,300,-0.4418306874,0.05313896274,0.4949696501,0.6100432767,0.480047654,710203972,False,1,0
CGIE3_ID_03,7d,spearman::event_count--median_depth_km,event_count,median_depth_km,candidate,non_overlapping,168,53,52,estimable,,-0.2506487663,0.2506487663,-1,300,-0.4432423319,0.01589183153,0.4591341634,0.1794062836,0.1693900766,2420645130,False,1,0
CGIE3_ID_03,7d,spearman::event_count--median_depth_km,event_count,median_depth_km,candidate,rolling_full,1,8760,8719,estimable,,-0.2208414768,0.2208414768,-1,300,-0.3804547066,-0.05343957842,0.3270151282,0.9995112049,0.9939618396,3228624626,False,1,0
CGIE3_ID_03,7d,spearman::event_count--median_interevent_time_hours,event_count,median_interevent_time_hours,eligible,half_window_stride,84,105,104,estimable,,-0.8188461672,0.8188461672,-1,300,-0.8830426548,-0.6924532016,0.1905894532,0.6100432767,0.3435027579,3211710611,False,1,0
CGIE3_ID_03,7d,spearman::event_count--median_interevent_time_hours,event_count,median_interevent_time_hours,eligible,non_overlapping,168,53,52,estimable,,-0.7853940548,0.7853940548,-1,300,-0.8765975116,-0.6864083757,0.1901891358,0.1794062836,-0.03145651691,2086661520,False,1,0
CGIE3_ID_03,7d,spearman::event_count--median_interevent_time_hours,event_count,median_interevent_time_hours,eligible,rolling_full,1,8760,8676,estimable,,-0.810951928,0.810951928,-1,300,-0.8673725564,-0.7297708684,0.137601688,0.9995112049,0.9793224747,3657645029,False,1,0
CGIE3_ID_03,7d,spearman::event_count--temporal_burstiness,event_count,temporal_burstiness,eligible,half_window_stride,84,105,102,estimable,,0.7050176892,0.7050176892,1,300,0.552932875,0.8169662442,0.2640333693,0.6100432767,0.3970907478,1395243806,False,1,0
CGIE3_ID_03,7d,spearman::event_count--temporal_burstiness,event_count,temporal_burstiness,eligible,non_overlapping,168,53,52,estimable,,0.6734577515,0.6734577515,1,300,0.426903907,0.7845003654,0.3575964585,0.1794062836,0.04436961895,3170529896,False,1,0
CGIE3_ID_03,7d,spearman::event_count--temporal_burstiness,event_count,temporal_burstiness,eligible,rolling_full,1,8760,8578,estimable,,0.7135910808,0.7135910808,1,300,0.601384588,0.7878081315,0.1864235435,0.9995112049,0.993065407,1225835081,False,1,0
CGIE3_ID_03,7d,spearman::interevent_time_mad_hours--log10_cumulative_energy_joule,interevent_time_mad_hours,log10_cumulative_energy_joule,candidate,half_window_stride,84,105,104,estimable,,-0.5363611874,0.5363611874,-1,300,-0.6591406155,-0.3736052215,0.2855353939,0.03473897336,0.5217584676,2377486394,False,1,0
CGIE3_ID_03,7d,spearman::interevent_time_mad_hours--log10_cumulative_energy_joule,interevent_time_mad_hours,log10_cumulative_energy_joule,candidate,non_overlapping,168,53,52,estimable,,-0.6219585076,0.6219585076,-1,300,-0.7117715016,-0.4823575776,0.2294139241,-0.1016503289,0.05544061626,1653817738,False,1,0
CGIE3_ID_03,7d,spearman::interevent_time_mad_hours--log10_cumulative_energy_joule,interevent_time_mad_hours,log10_cumulative_energy_joule,candidate,rolling_full,1,8760,8676,estimable,,-0.5874195081,0.5874195081,-1,300,-0.6712021021,-0.4801728656,0.1910292365,0.9698050164,0.9944621502,2912943784,False,1,0
CGIE3_ID_03,7d,spearman::interevent_time_mad_hours--maximum_magnitude,interevent_time_mad_hours,maximum_magnitude,eligible,half_window_stride,84,105,104,estimable,,-0.5071696683,0.5071696683,-1,300,-0.6184947594,-0.3521217471,0.2663730123,0.03473897336,0.5037104416,1327989747,False,1,0
CGIE3_ID_03,7d,spearman::interevent_time_mad_hours--maximum_magnitude,interevent_time_mad_hours,maximum_magnitude,eligible,non_overlapping,168,53,52,estimable,,-0.5992483619,0.5992483619,-1,300,-0.7196153918,-0.4067144087,0.3129009831,-0.1016503289,0.08682642014,3035589595,False,1,0
CGIE3_ID_03,7d,spearman::interevent_time_mad_hours--maximum_magnitude,interevent_time_mad_hours,maximum_magnitude,eligible,rolling_full,1,8760,8676,estimable,,-0.5469559863,0.5469559863,-1,300,-0.634297181,-0.4325971193,0.2017000617,0.9698050164,0.9934766805,1837473233,False,1,0
CGIE3_ID_03,7d,spearman::interevent_time_mad_hours--median_interevent_time_hours,interevent_time_mad_hours,median_interevent_time_hours,eligible,half_window_stride,84,105,104,estimable,,0.8513663097,0.8513663097,1,300,0.6853267455,0.9655597488,0.2802330034,0.03473897336,0.3435027579,101100853,False,1,0
CGIE3_ID_03,7d,spearman::interevent_time_mad_hours--median_interevent_time_hours,interevent_time_mad_hours,median_interevent_time_hours,eligible,non_overlapping,168,53,52,estimable,,0.9244429267,0.9244429267,1,300,0.8095348906,0.9848355082,0.1753006176,-0.1016503289,-0.03145651691,3511249663,False,1,0
CGIE3_ID_03,7d,spearman::interevent_time_mad_hours--median_interevent_time_hours,interevent_time_mad_hours,median_interevent_time_hours,eligible,rolling_full,1,8760,8676,estimable,,0.8876132627,0.8876132627,1,300,0.8244064251,0.9395088778,0.1151024527,0.9698050164,0.9793224747,1899498075,False,1,0
CGIE3_ID_03,7d,spearman::interevent_time_mad_hours--spatial_dispersion_km,interevent_time_mad_hours,spatial_dispersion_km,candidate,half_window_stride,84,105,104,estimable,,0.2403399134,0.2403399134,1,300,0.02928780584,0.4305944229,0.401306617,0.03473897336,0.5508769779,3342503078,False,1,0
CGIE3_ID_03,7d,spearman::interevent_time_mad_hours--spatial_dispersion_km,interevent_time_mad_hours,spatial_dispersion_km,candidate,non_overlapping,168,53,52,estimable,,0.1831298557,0.1831298557,1,300,-0.04567720126,0.4055312049,0.4512084062,-0.1016503289,0.1959476896,2353599807,False,1,0
CGIE3_ID_03,7d,spearman::interevent_time_mad_hours--spatial_dispersion_km,interevent_time_mad_hours,spatial_dispersion_km,candidate,rolling_full,1,8760,8676,estimable,,0.3415741573,0.3415741573,1,300,0.1889832497,0.5021684239,0.3131851742,0.9698050164,0.9899491881,1554766650,False,1,0
CGIE3_ID_03,7d,spearman::interevent_time_mad_hours--temporal_burstiness,interevent_time_mad_hours,temporal_burstiness,eligible,half_window_stride,84,105,102,estimable,,-0.8260230363,0.8260230363,-1,300,-0.8811622301,-0.7235486402,0.15761359,0.03473897336,0.3970907478,3381822549,False,1,0
CGIE3_ID_03,7d,spearman::interevent_time_mad_hours--temporal_burstiness,interevent_time_mad_hours,temporal_burstiness,eligible,non_overlapping,168,53,52,estimable,,-0.8162725177,0.8162725177,-1,300,-0.9012025936,-0.6338261889,0.2673764048,-0.1016503289,0.04436961895,2650870832,False,1,0
CGIE3_ID_03,7d,spearman::interevent_time_mad_hours--temporal_burstiness,interevent_time_mad_hours,temporal_burstiness,eligible,rolling_full,1,8760,8578,estimable,,-0.8309718002,0.8309718002,-1,300,-0.8726220018,-0.7720540722,0.1005679295,0.9698050164,0.993065407,3653675335,False,1,0
CGIE3_ID_03,7d,spearman::log10_cumulative_energy_joule--maximum_magnitude,log10_cumulative_energy_joule,maximum_magnitude,eligible,half_window_stride,84,105,104,estimable,,0.9854201589,0.9854201589,1,300,0.9698260501,0.9891894241,0.01936337404,0.5217584676,0.5037104416,171999123,False,1,0
CGIE3_ID_03,7d,spearman::log10_cumulative_energy_joule--maximum_magnitude,log10_cumulative_energy_joule,maximum_magnitude,eligible,non_overlapping,168,53,52,estimable,,0.9855028731,0.9855028731,1,300,0.9635541333,0.9911675208,0.0276133875,0.05544061626,0.08682642014,546389075,False,1,0
CGIE3_ID_03,7d,spearman::log10_cumulative_energy_joule--maximum_magnitude,log10_cumulative_energy_joule,maximum_magnitude,eligible,rolling_full,1,8760,8719,estimable,,0.9820847483,0.9820847483,1,300,0.9714577842,0.9875245907,0.01606680645,0.9944621502,0.9934766805,452077683,False,1,0
CGIE3_ID_03,7d,spearman::log10_cumulative_energy_joule--median_interevent_time_hours,log10_cumulative_energy_joule,median_interevent_time_hours,candidate,half_window_stride,84,105,104,estimable,,-0.6604039305,0.6604039305,-1,300,-0.7205166551,-0.5110129419,0.2095037132,0.5217584676,0.3435027579,3499310693,False,1,0
CGIE3_ID_03,7d,spearman::log10_cumulative_energy_joule--median_interevent_time_hours,log10_cumulative_energy_joule,median_interevent_time_hours,candidate,non_overlapping,168,53,52,estimable,,-0.6570477248,0.6570477248,-1,300,-0.7389947245,-0.5224531433,0.2165415812,0.05544061626,-0.03145651691,3013795029,False,1,0
CGIE3_ID_03,7d,spearman::log10_cumulative_energy_joule--median_interevent_time_hours,log10_cumulative_energy_joule,median_interevent_time_hours,candidate,rolling_full,1,8760,8676,estimable,,-0.6690150291,0.6690150291,-1,300,-0.73508343,-0.5799082383,0.1551751917,0.9944621502,0.9793224747,832525858,False,1,0
CGIE3_ID_03,7d,spearman::log10_cumulative_energy_joule--temporal_burstiness,log10_cumulative_energy_joule,temporal_burstiness,eligible,half_window_stride,84,105,102,estimable,,0.5864088979,0.5864088979,1,300,0.4467509933,0.6725739765,0.2258229832,0.5217584676,0.3970907478,1825631432,False,1,0
CGIE3_ID_03,7d,spearman::log10_cumulative_energy_joule--temporal_burstiness,log10_cumulative_energy_joule,temporal_burstiness,eligible,non_overlapping,168,53,52,estimable,,0.5654401093,0.5654401093,1,300,0.3647854227,0.7133823592,0.3485969366,0.05544061626,0.04436961895,3314176414,False,1,0
CGIE3_ID_03,7d,spearman::log10_cumulative_energy_joule--temporal_burstiness,log10_cumulative_energy_joule,temporal_burstiness,eligible,rolling_full,1,8760,8578,estimable,,0.6071523526,0.6071523526,1,300,0.5016444981,0.7068929473,0.2052484492,0.9944621502,0.993065407,3261230278,False,1,0
CGIE3_ID_03,7d,spearman::maximum_magnitude--median_interevent_time_hours,maximum_magnitude,median_interevent_time_hours,candidate,half_window_stride,84,105,104,estimable,,-0.6007658905,0.6007658905,-1,300,-0.6795585758,-0.4835014625,0.1960571133,0.5037104416,0.3435027579,1899539641,False,1,0
CGIE3_ID_03,7d,spearman::maximum_magnitude--median_interevent_time_hours,maximum_magnitude,median_interevent_time_hours,candidate,non_overlapping,168,53,52,estimable,,-0.6156292143,0.6156292143,-1,300,-0.7036225737,-0.4496025229,0.2540200508,0.08682642014,-0.03145651691,1138547555,False,1,0
CGIE3_ID_03,7d,spearman::maximum_magnitude--median_interevent_time_hours,maximum_magnitude,median_interevent_time_hours,candidate,rolling_full,1,8760,8676,estimable,,-0.6068095001,0.6068095001,-1,300,-0.6916338716,-0.5045145097,0.1871193619,0.9934766805,0.9793224747,543376313,False,1,0
CGIE3_ID_03,7d,spearman::maximum_magnitude--temporal_burstiness,maximum_magnitude,temporal_burstiness,eligible,half_window_stride,84,105,102,estimable,,0.543959089,0.543959089,1,300,0.42543153,0.6429542372,0.2175227072,0.5037104416,0.3970907478,3866409072,False,1,0
CGIE3_ID_03,7d,spearman::maximum_magnitude--temporal_burstiness,maximum_magnitude,temporal_burstiness,eligible,non_overlapping,168,53,52,estimable,,0.5480100822,0.5480100822,1,300,0.3053904231,0.6887211938,0.3833307707,0.08682642014,0.04436961895,210349868,False,1,0
CGIE3_ID_03,7d,spearman::maximum_magnitude--temporal_burstiness,maximum_magnitude,temporal_burstiness,eligible,rolling_full,1,8760,8578,estimable,,0.55085097,0.55085097,1,300,0.4275409282,0.6673256486,0.2397847204,0.9934766805,0.993065407,2440017249,False,1,0
CGIE3_ID_03,7d,spearman::median_depth_km--spatial_dispersion_km,median_depth_km,spatial_dispersion_km,eligible,half_window_stride,84,105,104,estimable,,0.4761549998,0.4761549998,1,300,0.2899205034,0.5765367602,0.2866162568,0.480047654,0.5508769779,1294149811,False,1,0
CGIE3_ID_03,7d,spearman::median_depth_km--spatial_dispersion_km,median_depth_km,spatial_dispersion_km,eligible,non_overlapping,168,53,52,estimable,,0.4617669605,0.4617669605,1,300,0.2532155554,0.651879709,0.3986641536,0.1693900766,0.1959476896,138433487,False,1,0
CGIE3_ID_03,7d,spearman::median_depth_km--spatial_dispersion_km,median_depth_km,spatial_dispersion_km,eligible,rolling_full,1,8760,8676,estimable,,0.5172865986,0.5172865986,1,300,0.4110079687,0.6088815418,0.1978735731,0.9939618396,0.9899491881,1951858317,False,1,0
CGIE3_ID_03,7d,spearman::median_interevent_time_hours--spatial_dispersion_km,median_interevent_time_hours,spatial_dispersion_km,candidate,half_window_stride,84,105,104,estimable,,0.2780462824,0.2780462824,1,300,0.03271453709,0.4811634499,0.4484489129,0.3435027579,0.5508769779,2222485662,False,1,0
CGIE3_ID_03,7d,spearman::median_interevent_time_hours--spatial_dispersion_km,median_interevent_time_hours,spatial_dispersion_km,candidate,non_overlapping,168,53,52,estimable,,0.2419533851,0.2419533851,1,300,-0.04582696899,0.4991390446,0.5449660136,-0.03145651691,0.1959476896,2955729571,False,1,0
CGIE3_ID_03,7d,spearman::median_interevent_time_hours--spatial_dispersion_km,median_interevent_time_hours,spatial_dispersion_km,candidate,rolling_full,1,8760,8676,estimable,,0.3727351704,0.3727351704,1,300,0.2242522136,0.5258709307,0.3016187171,0.9793224747,0.9899491881,1826614498,False,1,0
CGIE3_ID_03,7d,spearman::median_interevent_time_hours--temporal_burstiness,median_interevent_time_hours,temporal_burstiness,eligible,half_window_stride,84,105,102,estimable,,-0.8985179447,0.8985179447,-1,300,-0.9364786115,-0.8497574911,0.08672112038,0.3435027579,0.3970907478,110800008,False,1,0
CGIE3_ID_03,7d,spearman::median_interevent_time_hours--temporal_burstiness,median_interevent_time_hours,temporal_burstiness,eligible,non_overlapping,168,53,52,estimable,,-0.8973789806,0.8973789806,-1,300,-0.9477461189,-0.7731896972,0.1745564217,-0.03145651691,0.04436961895,2020475682,False,1,0
CGIE3_ID_03,7d,spearman::median_interevent_time_hours--temporal_burstiness,median_interevent_time_hours,temporal_burstiness,eligible,rolling_full,1,8760,8578,estimable,,-0.8975932607,0.8975932607,-1,300,-0.9230361659,-0.8555444451,0.06749172078,0.9793224747,0.993065407,3338896992,False,1,0
CGIE3_ID_03,7d,spearman::spatial_dispersion_km--temporal_burstiness,spatial_dispersion_km,temporal_burstiness,eligible,half_window_stride,84,105,102,estimable,,-0.2975555694,0.2975555694,-1,300,-0.5227071264,-0.04381481085,0.4788923155,0.5508769779,0.3970907478,2119826534,False,1,0
CGIE3_ID_03,7d,spearman::spatial_dispersion_km--temporal_burstiness,spatial_dispersion_km,temporal_burstiness,eligible,non_overlapping,168,53,52,estimable,,-0.2586869291,0.2586869291,-1,300,-0.4762444571,-0.02475788978,0.4514865673,0.1959476896,0.04436961895,2267313924,False,1,0
CGIE3_ID_03,7d,spearman::spatial_dispersion_km--temporal_burstiness,spatial_dispersion_km,temporal_burstiness,eligible,rolling_full,1,8760,8578,estimable,,-0.3687397992,0.3687397992,-1,300,-0.5126429866,-0.2151034758,0.2975395108,0.9899491881,0.993065407,134549985,False,1,0
