experiment_id,relation_id,source_id,target_id,estimator_id,direction,status,estimability,strength,absolute_strength,sign,uncertainty,sample_count,persistence,window_id,timestamp_utc,p_value,non_estimable_reason
CGIE3_ID_02,spearman::depth_mad_km--event_count,depth_mad_km,event_count,spearman,undirected,candidate,estimable,-0.0246149832,0.0246149832,-1,,3853,,1d,2025-12-31T23:00:00+00:00,0.126599419,
CGIE3_ID_02,spearman::depth_mad_km--interevent_time_mad_hours,depth_mad_km,interevent_time_mad_hours,spearman,undirected,candidate,estimable,-0.03287475103,0.03287475103,-1,,3853,,1d,2025-12-31T23:00:00+00:00,0.04129969303,
CGIE3_ID_02,spearman::depth_mad_km--log10_cumulative_energy_joule,depth_mad_km,log10_cumulative_energy_joule,spearman,undirected,candidate,estimable,-0.1337919797,0.1337919797,-1,,3853,,1d,2025-12-31T23:00:00+00:00,7.452264568e-17,
CGIE3_ID_02,spearman::depth_mad_km--maximum_magnitude,depth_mad_km,maximum_magnitude,spearman,undirected,candidate,estimable,-0.140745838,0.140745838,-1,,3853,,1d,2025-12-31T23:00:00+00:00,1.673865137e-18,
CGIE3_ID_02,spearman::depth_mad_km--median_depth_km,depth_mad_km,median_depth_km,spearman,undirected,candidate,estimable,-0.1166979594,0.1166979594,-1,,3853,,1d,2025-12-31T23:00:00+00:00,3.696690829e-13,
CGIE3_ID_02,spearman::depth_mad_km--median_interevent_time_hours,depth_mad_km,median_interevent_time_hours,spearman,undirected,candidate,estimable,0.1592638527,0.1592638527,1,,3853,,1d,2025-12-31T23:00:00+00:00,2.618657125e-23,
CGIE3_ID_02,spearman::depth_mad_km--spatial_dispersion_km,depth_mad_km,spatial_dispersion_km,spearman,undirected,candidate,estimable,0.300418432,0.300418432,1,,3853,,1d,2025-12-31T23:00:00+00:00,3.416408906e-81,
CGIE3_ID_02,spearman::event_count--interevent_time_mad_hours,event_count,interevent_time_mad_hours,spearman,undirected,candidate,estimable,0.4971858071,0.4971858071,1,,3853,,1d,2025-12-31T23:00:00+00:00,9.243194981e-240,
CGIE3_ID_02,spearman::event_count--log10_cumulative_energy_joule,event_count,log10_cumulative_energy_joule,spearman,undirected,candidate,estimable,0.7586573147,0.7586573147,1,,6076,,1d,2025-12-31T23:00:00+00:00,0,
CGIE3_ID_02,spearman::event_count--maximum_magnitude,event_count,maximum_magnitude,spearman,undirected,candidate,estimable,0.675143177,0.675143177,1,,6076,,1d,2025-12-31T23:00:00+00:00,0,
CGIE3_ID_02,spearman::event_count--median_depth_km,event_count,median_depth_km,spearman,undirected,candidate,estimable,-0.1058501324,0.1058501324,-1,,6076,,1d,2025-12-31T23:00:00+00:00,1.312550072e-16,
CGIE3_ID_02,spearman::event_count--median_interevent_time_hours,event_count,median_interevent_time_hours,spearman,undirected,candidate,estimable,-0.5284007872,0.5284007872,-1,,3853,,1d,2025-12-31T23:00:00+00:00,3.977868109e-276,
CGIE3_ID_02,spearman::event_count--spatial_dispersion_km,event_count,spatial_dispersion_km,spearman,undirected,candidate,estimable,-0.1208928838,0.1208928838,-1,,3853,,1d,2025-12-31T23:00:00+00:00,5.100426717e-14,
CGIE3_ID_02,spearman::interevent_time_mad_hours--log10_cumulative_energy_joule,interevent_time_mad_hours,log10_cumulative_energy_joule,spearman,undirected,candidate,estimable,0.2877519563,0.2877519563,1,,3853,,1d,2025-12-31T23:00:00+00:00,2.356700213e-74,
CGIE3_ID_02,spearman::interevent_time_mad_hours--maximum_magnitude,interevent_time_mad_hours,maximum_magnitude,spearman,undirected,candidate,estimable,0.2427518202,0.2427518202,1,,3853,,1d,2025-12-31T23:00:00+00:00,8.562206838e-53,
CGIE3_ID_02,spearman::interevent_time_mad_hours--median_depth_km,interevent_time_mad_hours,median_depth_km,spearman,undirected,candidate,estimable,0.04907210695,0.04907210695,1,,3853,,1d,2025-12-31T23:00:00+00:00,0.002312319317,
CGIE3_ID_02,spearman::interevent_time_mad_hours--median_interevent_time_hours,interevent_time_mad_hours,median_interevent_time_hours,spearman,undirected,candidate,estimable,0.1037951435,0.1037951435,1,,3853,,1d,2025-12-31T23:00:00+00:00,1.059647131e-10,
CGIE3_ID_02,spearman::interevent_time_mad_hours--spatial_dispersion_km,interevent_time_mad_hours,spatial_dispersion_km,spearman,undirected,candidate,estimable,0.2026422216,0.2026422216,1,,3853,,1d,2025-12-31T23:00:00+00:00,5.442948967e-37,
CGIE3_ID_02,spearman::log10_cumulative_energy_joule--maximum_magnitude,log10_cumulative_energy_joule,maximum_magnitude,spearman,undirected,candidate,estimable,0.9858583829,0.9858583829,1,,6076,,1d,2025-12-31T23:00:00+00:00,0,
CGIE3_ID_02,spearman::log10_cumulative_energy_joule--median_depth_km,log10_cumulative_energy_joule,median_depth_km,spearman,undirected,candidate,estimable,-0.0780764609,0.0780764609,-1,,6076,,1d,2025-12-31T23:00:00+00:00,1.101164948e-09,
CGIE3_ID_02,spearman::log10_cumulative_energy_joule--median_interevent_time_hours,log10_cumulative_energy_joule,median_interevent_time_hours,spearman,undirected,candidate,estimable,-0.4366162893,0.4366162893,-1,,3853,,1d,2025-12-31T23:00:00+00:00,3.998386679e-179,
CGIE3_ID_02,spearman::log10_cumulative_energy_joule--spatial_dispersion_km,log10_cumulative_energy_joule,spatial_dispersion_km,spearman,undirected,candidate,estimable,-0.1698503062,0.1698503062,-1,,3853,,1d,2025-12-31T23:00:00+00:00,2.488253291e-26,
CGIE3_ID_02,spearman::maximum_magnitude--median_depth_km,maximum_magnitude,median_depth_km,spearman,undirected,candidate,estimable,-0.0726415037,0.0726415037,-1,,6076,,1d,2025-12-31T23:00:00+00:00,1.439391746e-08,
CGIE3_ID_02,spearman::maximum_magnitude--median_interevent_time_hours,maximum_magnitude,median_interevent_time_hours,spearman,undirected,candidate,estimable,-0.4042337978,0.4042337978,-1,,3853,,1d,2025-12-31T23:00:00+00:00,2.018813066e-151,
CGIE3_ID_02,spearman::maximum_magnitude--spatial_dispersion_km,maximum_magnitude,spatial_dispersion_km,spearman,undirected,candidate,estimable,-0.1686511803,0.1686511803,-1,,3853,,1d,2025-12-31T23:00:00+00:00,5.602225858e-26,
CGIE3_ID_02,spearman::median_depth_km--median_interevent_time_hours,median_depth_km,median_interevent_time_hours,spearman,undirected,candidate,estimable,0.214924638,0.214924638,1,,3853,,1d,2025-12-31T23:00:00+00:00,1.683044904e-41,
CGIE3_ID_02,spearman::median_depth_km--spatial_dispersion_km,median_depth_km,spatial_dispersion_km,spearman,undirected,candidate,estimable,0.2688861285,0.2688861285,1,,3853,,1d,2025-12-31T23:00:00+00:00,8.3482942e-65,
CGIE3_ID_02,spearman::median_interevent_time_hours--spatial_dispersion_km,median_interevent_time_hours,spatial_dispersion_km,spearman,undirected,candidate,estimable,0.4993867358,0.4993867358,1,,3853,,1d,2025-12-31T23:00:00+00:00,3.341106051e-242,
CGIE3_ID_02,spearman::depth_mad_km--event_count,depth_mad_km,event_count,spearman,undirected,candidate,estimable,0.100376192,0.100376192,1,,8707,,30d,2025-12-31T23:00:00+00:00,6.079872422e-21,
CGIE3_ID_02,spearman::depth_mad_km--interevent_time_mad_hours,depth_mad_km,interevent_time_mad_hours,spearman,undirected,candidate,estimable,-0.05250887782,0.05250887782,-1,,8707,,30d,2025-12-31T23:00:00+00:00,9.469668795e-07,
CGIE3_ID_02,spearman::depth_mad_km--log10_cumulative_energy_joule,depth_mad_km,log10_cumulative_energy_joule,spearman,undirected,candidate,estimable,0.1589628733,0.1589628733,1,,8707,,30d,2025-12-31T23:00:00+00:00,2.23596044e-50,
CGIE3_ID_02,spearman::depth_mad_km--maximum_magnitude,depth_mad_km,maximum_magnitude,spearman,undirected,candidate,estimable,0.2029324391,0.2029324391,1,,8707,,30d,2025-12-31T23:00:00+00:00,1.352362708e-81,
CGIE3_ID_02,spearman::depth_mad_km--median_depth_km,depth_mad_km,median_depth_km,spearman,undirected,candidate,estimable,-0.4485559896,0.4485559896,-1,,8707,,30d,2025-12-31T23:00:00+00:00,0,
CGIE3_ID_02,spearman::depth_mad_km--median_interevent_time_hours,depth_mad_km,median_interevent_time_hours,spearman,undirected,candidate,estimable,-0.07987057688,0.07987057688,-1,,8707,,30d,2025-12-31T23:00:00+00:00,8.413655282e-14,
CGIE3_ID_02,spearman::depth_mad_km--spatial_dispersion_km,depth_mad_km,spatial_dispersion_km,spearman,undirected,candidate,estimable,-0.1237233121,0.1237233121,-1,,8707,,30d,2025-12-31T23:00:00+00:00,4.758975397e-31,
CGIE3_ID_02,spearman::depth_mad_km--temporal_burstiness,depth_mad_km,temporal_burstiness,spearman,undirected,candidate,estimable,0.1628290963,0.1628290963,1,,8671,,30d,2025-12-31T23:00:00+00:00,1.367241454e-52,
CGIE3_ID_02,spearman::event_count--interevent_time_mad_hours,event_count,interevent_time_mad_hours,spearman,undirected,candidate,estimable,-0.7624175354,0.7624175354,-1,,8707,,30d,2025-12-31T23:00:00+00:00,0,
CGIE3_ID_02,spearman::event_count--log10_cumulative_energy_joule,event_count,log10_cumulative_energy_joule,spearman,undirected,candidate,estimable,0.3148075384,0.3148075384,1,,8719,,30d,2025-12-31T23:00:00+00:00,7.641809013e-200,
CGIE3_ID_02,spearman::event_count--maximum_magnitude,event_count,maximum_magnitude,spearman,undirected,candidate,estimable,0.2076225819,0.2076225819,1,,8719,,30d,2025-12-31T23:00:00+00:00,1.607429443e-85,
CGIE3_ID_02,spearman::event_count--median_depth_km,event_count,median_depth_km,spearman,undirected,candidate,estimable,-0.2924734839,0.2924734839,-1,,8719,,30d,2025-12-31T23:00:00+00:00,1.584897242e-171,
CGIE3_ID_02,spearman::event_count--median_interevent_time_hours,event_count,median_interevent_time_hours,spearman,undirected,candidate,estimable,-0.784506337,0.784506337,-1,,8707,,30d,2025-12-31T23:00:00+00:00,0,
CGIE3_ID_02,spearman::event_count--spatial_dispersion_km,event_count,spatial_dispersion_km,spearman,undirected,candidate,estimable,-0.3093456145,0.3093456145,-1,,8707,,30d,2025-12-31T23:00:00+00:00,2.006684154e-192,
CGIE3_ID_02,spearman::event_count--temporal_burstiness,event_count,temporal_burstiness,spearman,undirected,candidate,estimable,0.7035004302,0.7035004302,1,,8671,,30d,2025-12-31T23:00:00+00:00,0,
CGIE3_ID_02,spearman::interevent_time_mad_hours--log10_cumulative_energy_joule,interevent_time_mad_hours,log10_cumulative_energy_joule,spearman,undirected,candidate,estimable,-0.3524839608,0.3524839608,-1,,8707,,30d,2025-12-31T23:00:00+00:00,4.027675094e-253,
CGIE3_ID_02,spearman::interevent_time_mad_hours--maximum_magnitude,interevent_time_mad_hours,maximum_magnitude,spearman,undirected,candidate,estimable,-0.2739458103,0.2739458103,-1,,8707,,30d,2025-12-31T23:00:00+00:00,1.07405247e-149,
CGIE3_ID_02,spearman::interevent_time_mad_hours--median_depth_km,interevent_time_mad_hours,median_depth_km,spearman,undirected,candidate,estimable,0.5475655167,0.5475655167,1,,8707,,30d,2025-12-31T23:00:00+00:00,0,
CGIE3_ID_02,spearman::interevent_time_mad_hours--median_interevent_time_hours,interevent_time_mad_hours,median_interevent_time_hours,spearman,undirected,candidate,estimable,0.9768087719,0.9768087719,1,,8707,,30d,2025-12-31T23:00:00+00:00,0,
CGIE3_ID_02,spearman::interevent_time_mad_hours--spatial_dispersion_km,interevent_time_mad_hours,spatial_dispersion_km,spearman,undirected,candidate,estimable,0.6003236393,0.6003236393,1,,8707,,30d,2025-12-31T23:00:00+00:00,0,
CGIE3_ID_02,spearman::interevent_time_mad_hours--temporal_burstiness,interevent_time_mad_hours,temporal_burstiness,spearman,undirected,candidate,estimable,-0.8709167861,0.8709167861,-1,,8671,,30d,2025-12-31T23:00:00+00:00,0,
CGIE3_ID_02,spearman::log10_cumulative_energy_joule--maximum_magnitude,log10_cumulative_energy_joule,maximum_magnitude,spearman,undirected,candidate,estimable,0.9721793308,0.9721793308,1,,8719,,30d,2025-12-31T23:00:00+00:00,0,
CGIE3_ID_02,spearman::log10_cumulative_energy_joule--median_depth_km,log10_cumulative_energy_joule,median_depth_km,spearman,undirected,candidate,estimable,-0.02590116676,0.02590116676,-1,,8719,,30d,2025-12-31T23:00:00+00:00,0.01558055155,
CGIE3_ID_02,spearman::log10_cumulative_energy_joule--median_interevent_time_hours,log10_cumulative_energy_joule,median_interevent_time_hours,spearman,undirected,candidate,estimable,-0.3744843013,0.3744843013,-1,,8707,,30d,2025-12-31T23:00:00+00:00,5.47695398e-288,
CGIE3_ID_02,spearman::log10_cumulative_energy_joule--spatial_dispersion_km,log10_cumulative_energy_joule,spatial_dispersion_km,spearman,undirected,candidate,estimable,0.01126630962,0.01126630962,1,,8707,,30d,2025-12-31T23:00:00+00:00,0.2931867187,
CGIE3_ID_02,spearman::log10_cumulative_energy_joule--temporal_burstiness,log10_cumulative_energy_joule,temporal_burstiness,spearman,undirected,candidate,estimable,0.4489356734,0.4489356734,1,,8671,,30d,2025-12-31T23:00:00+00:00,0,
CGIE3_ID_02,spearman::maximum_magnitude--median_depth_km,maximum_magnitude,median_depth_km,spearman,undirected,candidate,estimable,0.01251189597,0.01251189597,1,,8719,,30d,2025-12-31T23:00:00+00:00,0.2427326212,
CGIE3_ID_02,spearman::maximum_magnitude--median_interevent_time_hours,maximum_magnitude,median_interevent_time_hours,spearman,undirected,candidate,estimable,-0.2956620938,0.2956620938,-1,,8707,,30d,2025-12-31T23:00:00+00:00,3.53310127e-175,
CGIE3_ID_02,spearman::maximum_magnitude--spatial_dispersion_km,maximum_magnitude,spatial_dispersion_km,spearman,undirected,candidate,estimable,0.05434841402,0.05434841402,1,,8707,,30d,2025-12-31T23:00:00+00:00,3.888354904e-07,
CGIE3_ID_02,spearman::maximum_magnitude--temporal_burstiness,maximum_magnitude,temporal_burstiness,spearman,undirected,candidate,estimable,0.3919860475,0.3919860475,1,,8671,,30d,2025-12-31T23:00:00+00:00,0,
CGIE3_ID_02,spearman::median_depth_km--median_interevent_time_hours,median_depth_km,median_interevent_time_hours,spearman,undirected,candidate,estimable,0.5453375348,0.5453375348,1,,8707,,30d,2025-12-31T23:00:00+00:00,0,
CGIE3_ID_02,spearman::median_depth_km--spatial_dispersion_km,median_depth_km,spatial_dispersion_km,spearman,undirected,candidate,estimable,0.7668159829,0.7668159829,1,,8707,,30d,2025-12-31T23:00:00+00:00,0,
CGIE3_ID_02,spearman::median_depth_km--temporal_burstiness,median_depth_km,temporal_burstiness,spearman,undirected,candidate,estimable,-0.4632665345,0.4632665345,-1,,8671,,30d,2025-12-31T23:00:00+00:00,0,
CGIE3_ID_02,spearman::median_interevent_time_hours--spatial_dispersion_km,median_interevent_time_hours,spatial_dispersion_km,spearman,undirected,candidate,estimable,0.6227898219,0.6227898219,1,,8707,,30d,2025-12-31T23:00:00+00:00,0,
CGIE3_ID_02,spearman::median_interevent_time_hours--temporal_burstiness,median_interevent_time_hours,temporal_burstiness,spearman,undirected,candidate,estimable,-0.8710282538,0.8710282538,-1,,8671,,30d,2025-12-31T23:00:00+00:00,0,
CGIE3_ID_02,spearman::spatial_dispersion_km--temporal_burstiness,spatial_dispersion_km,temporal_burstiness,spearman,undirected,candidate,estimable,-0.4276225484,0.4276225484,-1,,8671,,30d,2025-12-31T23:00:00+00:00,0,
CGIE3_ID_02,spearman::depth_mad_km--event_count,depth_mad_km,event_count,spearman,undirected,candidate,estimable,0.1534963808,0.1534963808,1,,7429,,3d,2025-12-31T23:00:00+00:00,2.113218056e-40,
CGIE3_ID_02,spearman::depth_mad_km--interevent_time_mad_hours,depth_mad_km,interevent_time_mad_hours,spearman,undirected,candidate,estimable,0.1026379911,0.1026379911,1,,7429,,3d,2025-12-31T23:00:00+00:00,7.415263223e-19,
CGIE3_ID_02,spearman::depth_mad_km--log10_cumulative_energy_joule,depth_mad_km,log10_cumulative_energy_joule,spearman,undirected,candidate,estimable,0.0007731058937,0.0007731058937,1,,7429,,3d,2025-12-31T23:00:00+00:00,0.9468809854,
CGIE3_ID_02,spearman::depth_mad_km--maximum_magnitude,depth_mad_km,maximum_magnitude,spearman,undirected,candidate,estimable,-0.01843539033,0.01843539033,-1,,7429,,3d,2025-12-31T23:00:00+00:00,0.1120955522,
CGIE3_ID_02,spearman::depth_mad_km--median_depth_km,depth_mad_km,median_depth_km,spearman,undirected,candidate,estimable,-0.2500408068,0.2500408068,-1,,7429,,3d,2025-12-31T23:00:00+00:00,2.804580985e-106,
CGIE3_ID_02,spearman::depth_mad_km--median_interevent_time_hours,depth_mad_km,median_interevent_time_hours,spearman,undirected,candidate,estimable,-0.03639816905,0.03639816905,-1,,7429,,3d,2025-12-31T23:00:00+00:00,0.001702617054,
CGIE3_ID_02,spearman::depth_mad_km--spatial_dispersion_km,depth_mad_km,spatial_dispersion_km,spearman,undirected,candidate,estimable,0.2108124784,0.2108124784,1,,7429,,3d,2025-12-31T23:00:00+00:00,2.118882915e-75,
CGIE3_ID_02,spearman::depth_mad_km--temporal_burstiness,depth_mad_km,temporal_burstiness,spearman,undirected,candidate,estimable,0.07812531798,0.07812531798,1,,6411,,3d,2025-12-31T23:00:00+00:00,3.7582911e-10,
CGIE3_ID_02,spearman::event_count--interevent_time_mad_hours,event_count,interevent_time_mad_hours,spearman,undirected,candidate,estimable,0.007050976589,0.007050976589,1,,7429,,3d,2025-12-31T23:00:00+00:00,0.5434258857,
CGIE3_ID_02,spearman::event_count--log10_cumulative_energy_joule,event_count,log10_cumulative_energy_joule,spearman,undirected,candidate,estimable,0.7643132483,0.7643132483,1,,8366,,3d,2025-12-31T23:00:00+00:00,0,
CGIE3_ID_02,spearman::event_count--maximum_magnitude,event_count,maximum_magnitude,spearman,undirected,candidate,estimable,0.6849611887,0.6849611887,1,,8366,,3d,2025-12-31T23:00:00+00:00,0,
CGIE3_ID_02,spearman::event_count--median_depth_km,event_count,median_depth_km,spearman,undirected,candidate,estimable,-0.1424499456,0.1424499456,-1,,8366,,3d,2025-12-31T23:00:00+00:00,3.554833996e-39,
CGIE3_ID_02,spearman::event_count--median_interevent_time_hours,event_count,median_interevent_time_hours,spearman,undirected,candidate,estimable,-0.6985971355,0.6985971355,-1,,7429,,3d,2025-12-31T23:00:00+00:00,0,
CGIE3_ID_02,spearman::event_count--spatial_dispersion_km,event_count,spatial_dispersion_km,spearman,undirected,candidate,estimable,-0.07128881314,0.07128881314,-1,,7429,,3d,2025-12-31T23:00:00+00:00,7.685362685e-10,
CGIE3_ID_02,spearman::event_count--temporal_burstiness,event_count,temporal_burstiness,spearman,undirected,candidate,estimable,0.726327815,0.726327815,1,,6411,,3d,2025-12-31T23:00:00+00:00,0,
CGIE3_ID_02,spearman::interevent_time_mad_hours--log10_cumulative_energy_joule,interevent_time_mad_hours,log10_cumulative_energy_joule,spearman,undirected,candidate,estimable,-0.1412897583,0.1412897583,-1,,7429,,3d,2025-12-31T23:00:00+00:00,1.962639862e-34,
CGIE3_ID_02,spearman::interevent_time_mad_hours--maximum_magnitude,interevent_time_mad_hours,maximum_magnitude,spearman,undirected,candidate,estimable,-0.1564713734,0.1564713734,-1,,7429,,3d,2025-12-31T23:00:00+00:00,6.207125979e-42,
CGIE3_ID_02,spearman::interevent_time_mad_hours--median_depth_km,interevent_time_mad_hours,median_depth_km,spearman,undirected,candidate,estimable,0.2309277449,0.2309277449,1,,7429,,3d,2025-12-31T23:00:00+00:00,1.658115957e-90,
CGIE3_ID_02,spearman::interevent_time_mad_hours--median_interevent_time_hours,interevent_time_mad_hours,median_interevent_time_hours,spearman,undirected,candidate,estimable,0.3619797493,0.3619797493,1,,7429,,3d,2025-12-31T23:00:00+00:00,7.99718727e-229,
CGIE3_ID_02,spearman::interevent_time_mad_hours--spatial_dispersion_km,interevent_time_mad_hours,spatial_dispersion_km,spearman,undirected,candidate,estimable,0.3033568497,0.3033568497,1,,7429,,3d,2025-12-31T23:00:00+00:00,6.176068048e-158,
CGIE3_ID_02,spearman::interevent_time_mad_hours--temporal_burstiness,interevent_time_mad_hours,temporal_burstiness,spearman,undirected,candidate,estimable,-0.6501812247,0.6501812247,-1,,6411,,3d,2025-12-31T23:00:00+00:00,0,
CGIE3_ID_02,spearman::log10_cumulative_energy_joule--maximum_magnitude,log10_cumulative_energy_joule,maximum_magnitude,spearman,undirected,candidate,estimable,0.9857719933,0.9857719933,1,,8366,,3d,2025-12-31T23:00:00+00:00,0,
CGIE3_ID_02,spearman::log10_cumulative_energy_joule--median_depth_km,log10_cumulative_energy_joule,median_depth_km,spearman,undirected,candidate,estimable,-0.0606399275,0.0606399275,-1,,8366,,3d,2025-12-31T23:00:00+00:00,2.844278816e-08,
CGIE3_ID_02,spearman::log10_cumulative_energy_joule--median_interevent_time_hours,log10_cumulative_energy_joule,median_interevent_time_hours,spearman,undirected,candidate,estimable,-0.6192985896,0.6192985896,-1,,7429,,3d,2025-12-31T23:00:00+00:00,0,
CGIE3_ID_02,spearman::log10_cumulative_energy_joule--spatial_dispersion_km,log10_cumulative_energy_joule,spatial_dispersion_km,spearman,undirected,candidate,estimable,-0.1375761816,0.1375761816,-1,,7429,,3d,2025-12-31T23:00:00+00:00,1.017475098e-32,
CGIE3_ID_02,spearman::log10_cumulative_energy_joule--temporal_burstiness,log10_cumulative_energy_joule,temporal_burstiness,spearman,undirected,candidate,estimable,0.6035365782,0.6035365782,1,,6411,,3d,2025-12-31T23:00:00+00:00,0,
CGIE3_ID_02,spearman::maximum_magnitude--median_depth_km,maximum_magnitude,median_depth_km,spearman,undirected,candidate,estimable,-0.0456695123,0.0456695123,-1,,8366,,3d,2025-12-31T23:00:00+00:00,2.931074026e-05,
CGIE3_ID_02,spearman::maximum_magnitude--median_interevent_time_hours,maximum_magnitude,median_interevent_time_hours,spearman,undirected,candidate,estimable,-0.5691115683,0.5691115683,-1,,7429,,3d,2025-12-31T23:00:00+00:00,0,
CGIE3_ID_02,spearman::maximum_magnitude--spatial_dispersion_km,maximum_magnitude,spatial_dispersion_km,spearman,undirected,candidate,estimable,-0.1358517721,0.1358517721,-1,,7429,,3d,2025-12-31T23:00:00+00:00,6.135149676e-32,
CGIE3_ID_02,spearman::maximum_magnitude--temporal_burstiness,maximum_magnitude,temporal_burstiness,spearman,undirected,candidate,estimable,0.5554651543,0.5554651543,1,,6411,,3d,2025-12-31T23:00:00+00:00,0,
CGIE3_ID_02,spearman::median_depth_km--median_interevent_time_hours,median_depth_km,median_interevent_time_hours,spearman,undirected,candidate,estimable,0.1904741929,0.1904741929,1,,7429,,3d,2025-12-31T23:00:00+00:00,1.219008116e-61,
CGIE3_ID_02,spearman::median_depth_km--spatial_dispersion_km,median_depth_km,spatial_dispersion_km,spearman,undirected,candidate,estimable,0.3355845205,0.3355845205,1,,7429,,3d,2025-12-31T23:00:00+00:00,5.635049323e-195,
CGIE3_ID_02,spearman::median_depth_km--temporal_burstiness,median_depth_km,temporal_burstiness,spearman,undirected,candidate,estimable,-0.2502342405,0.2502342405,-1,,6411,,3d,2025-12-31T23:00:00+00:00,4.047376623e-92,
CGIE3_ID_02,spearman::median_interevent_time_hours--spatial_dispersion_km,median_interevent_time_hours,spatial_dispersion_km,spearman,undirected,candidate,estimable,0.3159157065,0.3159157065,1,,7429,,3d,2025-12-31T23:00:00+00:00,7.932916806e-172,
CGIE3_ID_02,spearman::median_interevent_time_hours--temporal_burstiness,median_interevent_time_hours,temporal_burstiness,spearman,undirected,candidate,estimable,-0.8153786569,0.8153786569,-1,,6411,,3d,2025-12-31T23:00:00+00:00,0,
CGIE3_ID_02,spearman::spatial_dispersion_km--temporal_burstiness,spatial_dispersion_km,temporal_burstiness,spearman,undirected,candidate,estimable,-0.3260219094,0.3260219094,-1,,6411,,3d,2025-12-31T23:00:00+00:00,1.241165136e-158,
CGIE3_ID_02,spearman::depth_mad_km--event_count,depth_mad_km,event_count,spearman,undirected,candidate,estimable,0.2324635743,0.2324635743,1,,8676,,7d,2025-12-31T23:00:00+00:00,8.456156407e-107,
CGIE3_ID_02,spearman::depth_mad_km--interevent_time_mad_hours,depth_mad_km,interevent_time_mad_hours,spearman,undirected,candidate,estimable,-0.04531972965,0.04531972965,-1,,8676,,7d,2025-12-31T23:00:00+00:00,2.412111659e-05,
CGIE3_ID_02,spearman::depth_mad_km--log10_cumulative_energy_joule,depth_mad_km,log10_cumulative_energy_joule,spearman,undirected,candidate,estimable,0.08665480639,0.08665480639,1,,8676,,7d,2025-12-31T23:00:00+00:00,6.190190259e-16,
CGIE3_ID_02,spearman::depth_mad_km--maximum_magnitude,depth_mad_km,maximum_magnitude,spearman,undirected,candidate,estimable,0.07972641941,0.07972641941,1,,8676,,7d,2025-12-31T23:00:00+00:00,1.030824889e-13,
CGIE3_ID_02,spearman::depth_mad_km--median_depth_km,depth_mad_km,median_depth_km,spearman,undirected,candidate,estimable,-0.364965898,0.364965898,-1,,8676,,7d,2025-12-31T23:00:00+00:00,1.331340836e-271,
CGIE3_ID_02,spearman::depth_mad_km--median_interevent_time_hours,depth_mad_km,median_interevent_time_hours,spearman,undirected,candidate,estimable,-0.1407664614,0.1407664614,-1,,8676,,7d,2025-12-31T23:00:00+00:00,1.214845242e-39,
CGIE3_ID_02,spearman::depth_mad_km--spatial_dispersion_km,depth_mad_km,spatial_dispersion_km,spearman,undirected,candidate,estimable,0.07657612754,0.07657612754,1,,8676,,7d,2025-12-31T23:00:00+00:00,9.188381695e-13,
CGIE3_ID_02,spearman::depth_mad_km--temporal_burstiness,depth_mad_km,temporal_burstiness,spearman,undirected,candidate,estimable,0.02679282331,0.02679282331,1,,8578,,7d,2025-12-31T23:00:00+00:00,0.01308057706,
CGIE3_ID_02,spearman::event_count--interevent_time_mad_hours,event_count,interevent_time_mad_hours,spearman,undirected,candidate,estimable,-0.688406885,0.688406885,-1,,8676,,7d,2025-12-31T23:00:00+00:00,0,
CGIE3_ID_02,spearman::event_count--log10_cumulative_energy_joule,event_count,log10_cumulative_energy_joule,spearman,undirected,candidate,estimable,0.7666303704,0.7666303704,1,,8719,,7d,2025-12-31T23:00:00+00:00,0,
CGIE3_ID_02,spearman::event_count--maximum_magnitude,event_count,maximum_magnitude,spearman,undirected,candidate,estimable,0.6896061577,0.6896061577,1,,8719,,7d,2025-12-31T23:00:00+00:00,0,
CGIE3_ID_02,spearman::event_count--median_depth_km,event_count,median_depth_km,spearman,undirected,candidate,estimable,-0.2208414768,0.2208414768,-1,,8719,,7d,2025-12-31T23:00:00+00:00,8.756114056e-97,
CGIE3_ID_02,spearman::event_count--median_interevent_time_hours,event_count,median_interevent_time_hours,spearman,undirected,candidate,estimable,-0.810951928,0.810951928,-1,,8676,,7d,2025-12-31T23:00:00+00:00,0,
CGIE3_ID_02,spearman::event_count--spatial_dispersion_km,event_count,spatial_dispersion_km,spearman,undirected,candidate,estimable,-0.1930917567,0.1930917567,-1,,8676,,7d,2025-12-31T23:00:00+00:00,1.192848623e-73,
CGIE3_ID_02,spearman::event_count--temporal_burstiness,event_count,temporal_burstiness,spearman,undirected,candidate,estimable,0.7135910808,0.7135910808,1,,8578,,7d,2025-12-31T23:00:00+00:00,0,
CGIE3_ID_02,spearman::interevent_time_mad_hours--log10_cumulative_energy_joule,interevent_time_mad_hours,log10_cumulative_energy_joule,spearman,undirected,candidate,estimable,-0.5874195081,0.5874195081,-1,,8676,,7d,2025-12-31T23:00:00+00:00,0,
CGIE3_ID_02,spearman::interevent_time_mad_hours--maximum_magnitude,interevent_time_mad_hours,maximum_magnitude,spearman,undirected,candidate,estimable,-0.5469559863,0.5469559863,-1,,8676,,7d,2025-12-31T23:00:00+00:00,0,
CGIE3_ID_02,spearman::interevent_time_mad_hours--median_depth_km,interevent_time_mad_hours,median_depth_km,spearman,undirected,candidate,estimable,0.2304789364,0.2304789364,1,,8676,,7d,2025-12-31T23:00:00+00:00,5.746379569e-105,
CGIE3_ID_02,spearman::interevent_time_mad_hours--median_interevent_time_hours,interevent_time_mad_hours,median_interevent_time_hours,spearman,undirected,candidate,estimable,0.8876132627,0.8876132627,1,,8676,,7d,2025-12-31T23:00:00+00:00,0,
CGIE3_ID_02,spearman::interevent_time_mad_hours--spatial_dispersion_km,interevent_time_mad_hours,spatial_dispersion_km,spearman,undirected,candidate,estimable,0.3415741573,0.3415741573,1,,8676,,7d,2025-12-31T23:00:00+00:00,5.34719872e-236,
CGIE3_ID_02,spearman::interevent_time_mad_hours--temporal_burstiness,interevent_time_mad_hours,temporal_burstiness,spearman,undirected,candidate,estimable,-0.8309718002,0.8309718002,-1,,8578,,7d,2025-12-31T23:00:00+00:00,0,
CGIE3_ID_02,spearman::log10_cumulative_energy_joule--maximum_magnitude,log10_cumulative_energy_joule,maximum_magnitude,spearman,undirected,candidate,estimable,0.9820847483,0.9820847483,1,,8719,,7d,2025-12-31T23:00:00+00:00,0,
CGIE3_ID_02,spearman::log10_cumulative_energy_joule--median_depth_km,log10_cumulative_energy_joule,median_depth_km,spearman,undirected,candidate,estimable,-0.09473438297,0.09473438297,-1,,8719,,7d,2025-12-31T23:00:00+00:00,7.681251372e-19,
CGIE3_ID_02,spearman::log10_cumulative_energy_joule--median_interevent_time_hours,log10_cumulative_energy_joule,median_interevent_time_hours,spearman,undirected,candidate,estimable,-0.6690150291,0.6690150291,-1,,8676,,7d,2025-12-31T23:00:00+00:00,0,
CGIE3_ID_02,spearman::log10_cumulative_energy_joule--spatial_dispersion_km,log10_cumulative_energy_joule,spatial_dispersion_km,spearman,undirected,candidate,estimable,-0.1414743203,0.1414743203,-1,,8676,,7d,2025-12-31T23:00:00+00:00,4.993619682e-40,
CGIE3_ID_02,spearman::log10_cumulative_energy_joule--temporal_burstiness,log10_cumulative_energy_joule,temporal_burstiness,spearman,undirected,candidate,estimable,0.6071523526,0.6071523526,1,,8578,,7d,2025-12-31T23:00:00+00:00,0,
CGIE3_ID_02,spearman::maximum_magnitude--median_depth_km,maximum_magnitude,median_depth_km,spearman,undirected,candidate,estimable,-0.07801694009,0.07801694009,-1,,8719,,7d,2025-12-31T23:00:00+00:00,2.987626246e-13,
CGIE3_ID_02,spearman::maximum_magnitude--median_interevent_time_hours,maximum_magnitude,median_interevent_time_hours,spearman,undirected,candidate,estimable,-0.6068095001,0.6068095001,-1,,8676,,7d,2025-12-31T23:00:00+00:00,0,
CGIE3_ID_02,spearman::maximum_magnitude--spatial_dispersion_km,maximum_magnitude,spatial_dispersion_km,spearman,undirected,candidate,estimable,-0.1274175176,0.1274175176,-1,,8676,,7d,2025-12-31T23:00:00+00:00,9.863667645e-33,
CGIE3_ID_02,spearman::maximum_magnitude--temporal_burstiness,maximum_magnitude,temporal_burstiness,spearman,undirected,candidate,estimable,0.55085097,0.55085097,1,,8578,,7d,2025-12-31T23:00:00+00:00,0,
CGIE3_ID_02,spearman::median_depth_km--median_interevent_time_hours,median_depth_km,median_interevent_time_hours,spearman,undirected,candidate,estimable,0.2680461562,0.2680461562,1,,8676,,7d,2025-12-31T23:00:00+00:00,1.165510583e-142,
CGIE3_ID_02,spearman::median_depth_km--spatial_dispersion_km,median_depth_km,spatial_dispersion_km,spearman,undirected,candidate,estimable,0.5172865986,0.5172865986,1,,8676,,7d,2025-12-31T23:00:00+00:00,0,
CGIE3_ID_02,spearman::median_depth_km--temporal_burstiness,median_depth_km,temporal_burstiness,spearman,undirected,candidate,estimable,-0.1824858294,0.1824858294,-1,,8578,,7d,2025-12-31T23:00:00+00:00,3.994028491e-65,
CGIE3_ID_02,spearman::median_interevent_time_hours--spatial_dispersion_km,median_interevent_time_hours,spatial_dispersion_km,spearman,undirected,candidate,estimable,0.3727351704,0.3727351704,1,,8676,,7d,2025-12-31T23:00:00+00:00,4.164906693e-284,
CGIE3_ID_02,spearman::median_interevent_time_hours--temporal_burstiness,median_interevent_time_hours,temporal_burstiness,spearman,undirected,candidate,estimable,-0.8975932607,0.8975932607,-1,,8578,,7d,2025-12-31T23:00:00+00:00,0,
CGIE3_ID_02,spearman::spatial_dispersion_km--temporal_burstiness,spatial_dispersion_km,temporal_burstiness,spearman,undirected,candidate,estimable,-0.3687397992,0.3687397992,-1,,8578,,7d,2025-12-31T23:00:00+00:00,1.606579826e-274,
