experiment_id,window_id,relation_id,source_id,target_id,id02_status,observed_strength,observed_absolute_strength,primary_nulls_admissible_count,primary_nulls_passed_alpha_0_05,primary_nulls_passed_alpha_0_10,null_outcome,primary_null_margin,minimum_one_primary_null_exceeded,id02_status_modified,null_circular_temporal_shift_admissible,null_circular_temporal_shift_estimable_repetitions,null_circular_temporal_shift_median_absolute_strength,null_circular_temporal_shift_q95_absolute_strength,null_circular_temporal_shift_empirical_p_value,null_circular_temporal_shift_corrected_p_value,null_circular_temporal_shift_passes_0_05,null_independent_block_permutation_admissible,null_independent_block_permutation_estimable_repetitions,null_independent_block_permutation_median_absolute_strength,null_independent_block_permutation_q95_absolute_strength,null_independent_block_permutation_empirical_p_value,null_independent_block_permutation_corrected_p_value,null_independent_block_permutation_passes_0_05,null_within_window_value_permutation_admissible,null_within_window_value_permutation_estimable_repetitions,null_within_window_value_permutation_median_absolute_strength,null_within_window_value_permutation_q95_absolute_strength,null_within_window_value_permutation_empirical_p_value,null_within_window_value_permutation_corrected_p_value,null_within_window_value_permutation_passes_0_05
CGIE3_ID_03,1d,spearman::depth_mad_km--spatial_dispersion_km,depth_mad_km,spatial_dispersion_km,eligible,0.300418432,0.300418432,3,3,3,exceeds_null,0.2705866075,True,False,True,300,0.03805449847,0.1070605567,0.003322259136,0.003322259136,True,True,300,0.04102185829,0.1147170171,0.003322259136,0.003322259136,True,True,300,0.01041911671,0.03156876912,0.003322259136,0.003322259136,True
CGIE3_ID_03,1d,spearman::event_count--interevent_time_mad_hours,event_count,interevent_time_mad_hours,eligible,0.4971858071,0.4971858071,3,3,3,exceeds_null,0.469912296,True,False,True,300,0.03452007872,0.08618619394,0.003322259136,0.003322259136,True,True,300,0.03552746819,0.100341173,0.003322259136,0.003322259136,True,True,300,0.01177298625,0.02848844439,0.003322259136,0.003322259136,True
CGIE3_ID_03,1d,spearman::event_count--log10_cumulative_energy_joule,event_count,log10_cumulative_energy_joule,eligible,0.7586573147,0.7586573147,3,3,3,exceeds_null,0.7300275712,True,False,True,300,0.03374401585,0.1070995891,0.003322259136,0.003322259136,True,True,300,0.04343964864,0.1272575208,0.003322259136,0.003322259136,True,True,300,0.008705566124,0.02399729329,0.003322259136,0.003322259136,True
CGIE3_ID_03,1d,spearman::event_count--maximum_magnitude,event_count,maximum_magnitude,eligible,0.675143177,0.675143177,3,3,3,exceeds_null,0.6491505496,True,False,True,300,0.03070675132,0.1038913639,0.003322259136,0.003322259136,True,True,300,0.03946052188,0.1159817042,0.003322259136,0.003322259136,True,True,300,0.007810609133,0.02311323936,0.003322259136,0.003322259136,True
CGIE3_ID_03,1d,spearman::event_count--median_interevent_time_hours,event_count,median_interevent_time_hours,eligible,-0.5284007872,0.5284007872,3,3,3,exceeds_null,0.4973667723,True,False,True,300,0.04218966405,0.1131991006,0.003322259136,0.003322259136,True,True,300,0.03846955573,0.1132153128,0.003322259136,0.003322259136,True,True,300,0.01244282479,0.03572971064,0.003322259136,0.003322259136,True
CGIE3_ID_03,1d,spearman::interevent_time_mad_hours--log10_cumulative_energy_joule,interevent_time_mad_hours,log10_cumulative_energy_joule,candidate,0.2877519563,0.2877519563,3,3,3,exceeds_null,0.2636795058,True,False,True,300,0.03278085116,0.1106245539,0.003322259136,0.003322259136,True,True,300,0.02964499284,0.09517616159,0.003322259136,0.003322259136,True,True,300,0.009791507469,0.03138561499,0.003322259136,0.003322259136,True
CGIE3_ID_03,1d,spearman::interevent_time_mad_hours--maximum_magnitude,interevent_time_mad_hours,maximum_magnitude,candidate,0.2427518202,0.2427518202,3,3,3,exceeds_null,0.2173284713,True,False,True,300,0.03413605142,0.1030619371,0.003322259136,0.003322259136,True,True,300,0.03298600024,0.08863970171,0.003322259136,0.003322259136,True,True,300,0.009147994812,0.03263487188,0.003322259136,0.003322259136,True
CGIE3_ID_03,1d,spearman::log10_cumulative_energy_joule--maximum_magnitude,log10_cumulative_energy_joule,maximum_magnitude,eligible,0.9858583829,0.9858583829,3,3,3,exceeds_null,0.9616806299,True,False,True,300,0.02666779857,0.0950043168,0.003322259136,0.003322259136,True,True,300,0.03743599573,0.1285242663,0.003322259136,0.003322259136,True,True,300,0.008429464944,0.02274843889,0.003322259136,0.003322259136,True
CGIE3_ID_03,1d,spearman::log10_cumulative_energy_joule--median_interevent_time_hours,log10_cumulative_energy_joule,median_interevent_time_hours,eligible,-0.4366162893,0.4366162893,3,3,3,exceeds_null,0.4070961555,True,False,True,300,0.04138452217,0.109615155,0.003322259136,0.003322259136,True,True,300,0.03710855326,0.1219218958,0.003322259136,0.003322259136,True,True,300,0.01006732585,0.03223914326,0.003322259136,0.003322259136,True
CGIE3_ID_03,1d,spearman::maximum_magnitude--median_interevent_time_hours,maximum_magnitude,median_interevent_time_hours,eligible,-0.4042337978,0.4042337978,3,3,3,exceeds_null,0.3732756358,True,False,True,300,0.0453414844,0.1091356831,0.003322259136,0.003322259136,True,True,300,0.0371561283,0.1141522229,0.003322259136,0.003322259136,True,True,300,0.01037687308,0.03195981844,0.003322259136,0.003322259136,True
CGIE3_ID_03,1d,spearman::median_depth_km--spatial_dispersion_km,median_depth_km,spatial_dispersion_km,candidate,0.2688861285,0.2688861285,3,3,3,exceeds_null,0.2372005068,True,False,True,300,0.04410675892,0.1048204335,0.003322259136,0.003322259136,True,True,300,0.04083942646,0.1293359318,0.003322259136,0.003322259136,True,True,300,0.01011067966,0.0284706488,0.003322259136,0.003322259136,True
CGIE3_ID_03,1d,spearman::median_interevent_time_hours--spatial_dispersion_km,median_interevent_time_hours,spatial_dispersion_km,eligible,0.4993867358,0.4993867358,3,3,3,exceeds_null,0.4642689754,True,False,True,300,0.04760615384,0.1153011175,0.003322259136,0.003322259136,True,True,300,0.04661569132,0.1295484054,0.003322259136,0.003322259136,True,True,300,0.01113143611,0.03063335831,0.003322259136,0.003322259136,True
CGIE3_ID_03,30d,spearman::depth_mad_km--median_depth_km,depth_mad_km,median_depth_km,candidate,-0.4485559896,0.4485559896,3,2,3,exceeds_null,0.3257910464,True,False,True,300,0.2098256603,0.4215512538,0.02990033223,0.05520061334,False,True,300,0.150673633,0.4094374058,0.02657807309,0.04556241101,True,True,300,0.007795536219,0.02015049257,0.003322259136,0.003322259136,True
CGIE3_ID_03,30d,spearman::event_count--interevent_time_mad_hours,event_count,interevent_time_mad_hours,eligible,-0.7624175354,0.7624175354,3,3,3,exceeds_null,0.6394160511,True,False,True,300,0.194273726,0.4403053837,0.003322259136,0.007973421927,True,True,300,0.1676053597,0.4531474501,0.003322259136,0.007973421927,True,True,300,0.007125367121,0.02230039476,0.003322259136,0.003322259136,True
CGIE3_ID_03,30d,spearman::event_count--log10_cumulative_energy_joule,event_count,log10_cumulative_energy_joule,eligible,0.3148075384,0.3148075384,3,1,1,partially_exceeds_null,0.2095380878,True,False,True,300,0.175985315,0.5006619361,0.1561461794,0.1784527765,False,True,300,0.1321649342,0.364406867,0.1129568106,0.1426822871,False,True,300,0.007658102529,0.02132965701,0.003322259136,0.003322259136,True
CGIE3_ID_03,30d,spearman::event_count--maximum_magnitude,event_count,maximum_magnitude,candidate,0.2076225819,0.2076225819,3,1,1,partially_exceeds_null,0.09705570883,True,False,True,300,0.1762084172,0.4910789412,0.3122923588,0.3406825732,False,True,300,0.1484682626,0.4028050528,0.3355481728,0.3355481728,False,True,300,0.007023939386,0.02155822778,0.003322259136,0.003322259136,True
CGIE3_ID_03,30d,spearman::event_count--median_depth_km,event_count,median_depth_km,candidate,-0.2924734839,0.2924734839,3,1,1,partially_exceeds_null,0.15728186,True,False,True,300,0.2211713767,0.5014953542,0.3820598007,0.3820598007,False,True,300,0.1774851546,0.4087890923,0.1860465116,0.1941354904,False,True,300,0.006918340208,0.0214877564,0.003322259136,0.003322259136,True
CGIE3_ID_03,30d,spearman::event_count--median_interevent_time_hours,event_count,median_interevent_time_hours,candidate,-0.784506337,0.784506337,3,3,3,exceeds_null,0.6695327833,True,False,True,300,0.1925445259,0.4630729111,0.003322259136,0.007973421927,True,True,300,0.1449084165,0.4260605439,0.003322259136,0.007973421927,True,True,300,0.007467718686,0.01998510614,0.003322259136,0.003322259136,True
CGIE3_ID_03,30d,spearman::event_count--spatial_dispersion_km,event_count,spatial_dispersion_km,candidate,-0.3093456145,0.3093456145,3,1,1,partially_exceeds_null,0.1717979435,True,False,True,300,0.250694999,0.5116263267,0.3488372093,0.3640040445,False,True,300,0.1546580192,0.4076120758,0.1428571429,0.1632653061,False,True,300,0.007289994838,0.01868582733,0.003322259136,0.003322259136,True
CGIE3_ID_03,30d,spearman::event_count--temporal_burstiness,event_count,temporal_burstiness,candidate,0.7035004302,0.7035004302,3,3,3,exceeds_null,0.6011249401,True,False,True,300,0.1566681123,0.4181037849,0.003322259136,0.007973421927,True,True,300,0.1421182984,0.4306775039,0.003322259136,0.007973421927,True,True,300,0.00834005958,0.02209738196,0.003322259136,0.003322259136,True
CGIE3_ID_03,30d,spearman::interevent_time_mad_hours--log10_cumulative_energy_joule,interevent_time_mad_hours,log10_cumulative_energy_joule,candidate,-0.3524839608,0.3524839608,3,1,2,partially_exceeds_null,0.2569744865,True,False,True,300,0.1494525087,0.3189953627,0.02990033223,0.05520061334,False,True,300,0.1297307439,0.3874576746,0.1063122924,0.1417497231,False,True,300,0.007345170442,0.02151384508,0.003322259136,0.003322259136,True
CGIE3_ID_03,30d,spearman::interevent_time_mad_hours--maximum_magnitude,interevent_time_mad_hours,maximum_magnitude,candidate,-0.2739458103,0.2739458103,3,1,1,partially_exceeds_null,0.183544232,True,False,True,300,0.1316616727,0.2964369451,0.09634551495,0.1156146179,False,True,300,0.1316379762,0.3669652425,0.1262458472,0.1514950166,False,True,300,0.007905086243,0.0217101484,0.003322259136,0.003322259136,True
CGIE3_ID_03,30d,spearman::interevent_time_mad_hours--median_depth_km,interevent_time_mad_hours,median_depth_km,candidate,0.5475655167,0.5475655167,3,3,3,exceeds_null,0.4247830466,True,False,True,300,0.2129882705,0.4158152572,0.003322259136,0.007973421927,True,True,300,0.1479839009,0.4493520406,0.009966777409,0.01993355482,True,True,300,0.007375239058,0.02003438848,0.003322259136,0.003322259136,True
CGIE3_ID_03,30d,spearman::interevent_time_mad_hours--median_interevent_time_hours,interevent_time_mad_hours,median_interevent_time_hours,eligible,0.9768087719,0.9768087719,3,3,3,exceeds_null,0.8732468276,True,False,True,300,0.1476824489,0.4704326851,0.003322259136,0.007973421927,True,True,300,0.1552002427,0.433759866,0.003322259136,0.007973421927,True,True,300,0.007803141431,0.02140598507,0.003322259136,0.003322259136,True
CGIE3_ID_03,30d,spearman::interevent_time_mad_hours--spatial_dispersion_km,interevent_time_mad_hours,spatial_dispersion_km,eligible,0.6003236393,0.6003236393,3,2,3,exceeds_null,0.4932787564,True,False,True,300,0.1524307744,0.5517607428,0.03986710963,0.06378737542,False,True,300,0.1611547851,0.3924247661,0.003322259136,0.007973421927,True,True,300,0.007549089048,0.01984145374,0.003322259136,0.003322259136,True
CGIE3_ID_03,30d,spearman::interevent_time_mad_hours--temporal_burstiness,interevent_time_mad_hours,temporal_burstiness,eligible,-0.8709167861,0.8709167861,3,3,3,exceeds_null,0.7843939785,True,False,True,300,0.1070393662,0.3397140773,0.003322259136,0.007973421927,True,True,300,0.1459107854,0.4416516513,0.003322259136,0.007973421927,True,True,300,0.006618271243,0.0185361819,0.003322259136,0.003322259136,True
CGIE3_ID_03,30d,spearman::log10_cumulative_energy_joule--maximum_magnitude,log10_cumulative_energy_joule,maximum_magnitude,eligible,0.9721793308,0.9721793308,3,3,3,exceeds_null,0.8852831453,True,False,True,300,0.1278000081,0.2614466804,0.003322259136,0.007973421927,True,True,300,0.1248289886,0.3464269161,0.003322259136,0.007973421927,True,True,300,0.008059559699,0.02189118942,0.003322259136,0.003322259136,True
CGIE3_ID_03,30d,spearman::log10_cumulative_energy_joule--median_interevent_time_hours,log10_cumulative_energy_joule,median_interevent_time_hours,candidate,-0.3744843013,0.3744843013,3,1,3,partially_exceeds_null,0.2754745633,True,False,True,300,0.1466595733,0.3118719195,0.02325581395,0.05073995772,False,True,300,0.1440005181,0.3694734589,0.04318936877,0.0609732265,False,True,300,0.006369122588,0.0204325574,0.003322259136,0.003322259136,True
CGIE3_ID_03,30d,spearman::log10_cumulative_energy_joule--temporal_burstiness,log10_cumulative_energy_joule,temporal_burstiness,candidate,0.4489356734,0.4489356734,3,2,3,exceeds_null,0.3615501076,True,False,True,300,0.1152473845,0.459928785,0.06644518272,0.08393075713,False,True,300,0.1393474939,0.3655331405,0.01661129568,0.03066700741,True,True,300,0.007561818896,0.01941412685,0.003322259136,0.003322259136,True
CGIE3_ID_03,30d,spearman::maximum_magnitude--median_interevent_time_hours,maximum_magnitude,median_interevent_time_hours,candidate,-0.2956620938,0.2956620938,3,1,2,partially_exceeds_null,0.1952262114,True,False,True,300,0.1434298252,0.2953623271,0.04983388704,0.07475083056,False,True,300,0.1505138226,0.3782404366,0.1661129568,0.1812141347,False,True,300,0.007363999575,0.02173718605,0.003322259136,0.003322259136,True
CGIE3_ID_03,30d,spearman::maximum_magnitude--temporal_burstiness,maximum_magnitude,temporal_burstiness,eligible,0.3919860475,0.3919860475,3,1,3,partially_exceeds_null,0.3067749552,True,False,True,300,0.1142075283,0.4113306023,0.06312292359,0.08393075713,False,True,300,0.1340918423,0.3609048155,0.04318936877,0.0609732265,False,True,300,0.007333906334,0.0208204366,0.003322259136,0.003322259136,True
CGIE3_ID_03,30d,spearman::median_depth_km--median_interevent_time_hours,median_depth_km,median_interevent_time_hours,candidate,0.5453375348,0.5453375348,3,3,3,exceeds_null,0.428461919,True,False,True,300,0.1888912803,0.433166181,0.003322259136,0.007973421927,True,True,300,0.1538611408,0.397136066,0.009966777409,0.01993355482,True,True,300,0.007874426589,0.02050789529,0.003322259136,0.003322259136,True
CGIE3_ID_03,30d,spearman::median_depth_km--spatial_dispersion_km,median_depth_km,spatial_dispersion_km,eligible,0.7668159829,0.7668159829,3,3,3,exceeds_null,0.6493648385,True,False,True,300,0.1902242233,0.4766770031,0.003322259136,0.007973421927,True,True,300,0.1550522931,0.426969562,0.003322259136,0.007973421927,True,True,300,0.007076916862,0.02093521702,0.003322259136,0.003322259136,True
CGIE3_ID_03,30d,spearman::median_interevent_time_hours--spatial_dispersion_km,median_interevent_time_hours,spatial_dispersion_km,eligible,0.6227898219,0.6227898219,3,2,3,exceeds_null,0.5277608741,True,False,True,300,0.1074357796,0.4516198481,0.03322259136,0.05695301376,False,True,300,0.1708327403,0.3995866868,0.003322259136,0.007973421927,True,True,300,0.006818323428,0.02118583666,0.003322259136,0.003322259136,True
CGIE3_ID_03,30d,spearman::median_interevent_time_hours--temporal_burstiness,median_interevent_time_hours,temporal_burstiness,eligible,-0.8710282538,0.8710282538,3,3,3,exceeds_null,0.7813153929,True,False,True,300,0.1231686296,0.3445944402,0.003322259136,0.007973421927,True,True,300,0.1386213405,0.4285805492,0.003322259136,0.007973421927,True,True,300,0.007348612506,0.01969675362,0.003322259136,0.003322259136,True
CGIE3_ID_03,30d,spearman::spatial_dispersion_km--temporal_burstiness,spatial_dispersion_km,temporal_burstiness,candidate,-0.4276225484,0.4276225484,3,2,3,exceeds_null,0.3351808199,True,False,True,300,0.125899855,0.4278166435,0.05647840532,0.07973421927,False,True,300,0.1444394625,0.3834845776,0.02990033223,0.04784053156,True,True,300,0.006985867963,0.02300476508,0.003322259136,0.003322259136,True
CGIE3_ID_03,3d,spearman::depth_mad_km--median_depth_km,depth_mad_km,median_depth_km,candidate,-0.2500408068,0.2500408068,3,3,3,exceeds_null,0.217202587,True,False,True,300,0.043242642,0.1229592025,0.003322259136,0.003322259136,True,True,300,0.04738598235,0.1365719099,0.003322259136,0.003322259136,True,True,300,0.007886034837,0.02455607022,0.003322259136,0.003322259136,True
CGIE3_ID_03,3d,spearman::event_count--log10_cumulative_energy_joule,event_count,log10_cumulative_energy_joule,eligible,0.7643132483,0.7643132483,3,3,3,exceeds_null,0.7268425182,True,False,True,300,0.04948495833,0.1212023822,0.003322259136,0.003322259136,True,True,300,0.05575424805,0.1777739483,0.003322259136,0.003322259136,True,True,300,0.007172983904,0.02121317585,0.003322259136,0.003322259136,True
CGIE3_ID_03,3d,spearman::event_count--maximum_magnitude,event_count,maximum_magnitude,eligible,0.6849611887,0.6849611887,3,3,3,exceeds_null,0.6470731946,True,False,True,300,0.04886421262,0.1114881735,0.003322259136,0.003322259136,True,True,300,0.05705591195,0.1810731636,0.003322259136,0.003322259136,True,True,300,0.007743857545,0.02140752027,0.003322259136,0.003322259136,True
CGIE3_ID_03,3d,spearman::event_count--median_interevent_time_hours,event_count,median_interevent_time_hours,eligible,-0.6985971355,0.6985971355,3,3,3,exceeds_null,0.6613472648,True,False,True,300,0.0505985734,0.1064141692,0.003322259136,0.003322259136,True,True,300,0.05349555392,0.167123451,0.003322259136,0.003322259136,True,True,300,0.007655484921,0.02169749178,0.003322259136,0.003322259136,True
CGIE3_ID_03,3d,spearman::event_count--temporal_burstiness,event_count,temporal_burstiness,eligible,0.726327815,0.726327815,3,3,3,exceeds_null,0.6836816401,True,False,True,300,0.05502505926,0.181915466,0.003322259136,0.003322259136,True,True,300,0.06443476951,0.1824845068,0.003322259136,0.003322259136,True,True,300,0.008478695795,0.02293207269,0.003322259136,0.003322259136,True
CGIE3_ID_03,3d,spearman::interevent_time_mad_hours--median_depth_km,interevent_time_mad_hours,median_depth_km,candidate,0.2309277449,0.2309277449,3,3,3,exceeds_null,0.1986287708,True,False,True,300,0.04029180817,0.122577932,0.003322259136,0.003322259136,True,True,300,0.04837071252,0.1274926416,0.003322259136,0.003322259136,True,True,300,0.008234401595,0.02207196724,0.003322259136,0.003322259136,True
CGIE3_ID_03,3d,spearman::interevent_time_mad_hours--median_interevent_time_hours,interevent_time_mad_hours,median_interevent_time_hours,candidate,0.3619797493,0.3619797493,3,3,3,exceeds_null,0.3314647734,True,False,True,300,0.04102620337,0.1262792992,0.003322259136,0.003322259136,True,True,300,0.0435761012,0.1216807639,0.003322259136,0.003322259136,True,True,300,0.006942623157,0.0208853589,0.003322259136,0.003322259136,True
CGIE3_ID_03,3d,spearman::interevent_time_mad_hours--temporal_burstiness,interevent_time_mad_hours,temporal_burstiness,eligible,-0.6501812247,0.6501812247,3,3,3,exceeds_null,0.6084173985,True,False,True,300,0.058450043,0.1609304985,0.003322259136,0.003322259136,True,True,300,0.05883438446,0.1603755214,0.003322259136,0.003322259136,True,True,300,0.008007051082,0.02369297117,0.003322259136,0.003322259136,True
CGIE3_ID_03,3d,spearman::log10_cumulative_energy_joule--maximum_magnitude,log10_cumulative_energy_joule,maximum_magnitude,eligible,0.9857719933,0.9857719933,3,3,3,exceeds_null,0.9498294828,True,False,True,300,0.04311684198,0.116997634,0.003322259136,0.003322259136,True,True,300,0.05702356229,0.1631735051,0.003322259136,0.003322259136,True,True,300,0.007687127323,0.02184686555,0.003322259136,0.003322259136,True
CGIE3_ID_03,3d,spearman::log10_cumulative_energy_joule--median_interevent_time_hours,log10_cumulative_energy_joule,median_interevent_time_hours,eligible,-0.6192985896,0.6192985896,3,3,3,exceeds_null,0.5818829171,True,False,True,300,0.0492322537,0.1242536507,0.003322259136,0.003322259136,True,True,300,0.05533308142,0.1680894973,0.003322259136,0.003322259136,True,True,300,0.007681682437,0.02284236989,0.003322259136,0.003322259136,True
CGIE3_ID_03,3d,spearman::log10_cumulative_energy_joule--temporal_burstiness,log10_cumulative_energy_joule,temporal_burstiness,eligible,0.6035365782,0.6035365782,3,3,3,exceeds_null,0.5627486054,True,False,True,300,0.05505649662,0.1278733046,0.003322259136,0.003322259136,True,True,300,0.05791971043,0.1723644434,0.003322259136,0.003322259136,True,True,300,0.009387711306,0.02336831317,0.003322259136,0.003322259136,True
CGIE3_ID_03,3d,spearman::maximum_magnitude--median_interevent_time_hours,maximum_magnitude,median_interevent_time_hours,eligible,-0.5691115683,0.5691115683,3,3,3,exceeds_null,0.5339556489,True,False,True,300,0.04367980527,0.1175014355,0.003322259136,0.003322259136,True,True,300,0.05372840284,0.1578899361,0.003322259136,0.003322259136,True,True,300,0.008059549981,0.02492868843,0.003322259136,0.003322259136,True
CGIE3_ID_03,3d,spearman::maximum_magnitude--temporal_burstiness,maximum_magnitude,temporal_burstiness,eligible,0.5554651543,0.5554651543,3,3,3,exceeds_null,0.516094875,True,False,True,300,0.05289235437,0.1267456283,0.003322259136,0.003322259136,True,True,300,0.05731749673,0.1556415782,0.003322259136,0.003322259136,True,True,300,0.007900986817,0.02385058578,0.003322259136,0.003322259136,True
CGIE3_ID_03,3d,spearman::median_depth_km--spatial_dispersion_km,median_depth_km,spatial_dispersion_km,candidate,0.3355845205,0.3355845205,3,3,3,exceeds_null,0.2999513581,True,False,True,300,0.04638032121,0.1177257942,0.003322259136,0.003322259136,True,True,300,0.05254036399,0.1411622826,0.003322259136,0.003322259136,True,True,300,0.007978801821,0.02564105707,0.003322259136,0.003322259136,True
CGIE3_ID_03,3d,spearman::median_interevent_time_hours--spatial_dispersion_km,median_interevent_time_hours,spatial_dispersion_km,candidate,0.3159157065,0.3159157065,3,3,3,exceeds_null,0.2724181072,True,False,True,300,0.05874903982,0.1623405127,0.003322259136,0.003322259136,True,True,300,0.06355587599,0.1650946368,0.003322259136,0.003322259136,True,True,300,0.008187881883,0.02430174778,0.003322259136,0.003322259136,True
CGIE3_ID_03,3d,spearman::median_interevent_time_hours--temporal_burstiness,median_interevent_time_hours,temporal_burstiness,eligible,-0.8153786569,0.8153786569,3,3,3,exceeds_null,0.7703769451,True,False,True,300,0.06423174257,0.1611812939,0.003322259136,0.003322259136,True,True,300,0.06155340601,0.1743399165,0.003322259136,0.003322259136,True,True,300,0.009219986915,0.023920088,0.003322259136,0.003322259136,True
CGIE3_ID_03,3d,spearman::spatial_dispersion_km--temporal_burstiness,spatial_dispersion_km,temporal_burstiness,candidate,-0.3260219094,0.3260219094,3,3,3,exceeds_null,0.2839462292,True,False,True,300,0.05682986845,0.1431401971,0.003322259136,0.003322259136,True,True,300,0.06180355353,0.1486389191,0.003322259136,0.003322259136,True,True,300,0.007593618475,0.022530058,0.003322259136,0.003322259136,True
CGIE3_ID_03,7d,spearman::depth_mad_km--median_depth_km,depth_mad_km,median_depth_km,eligible,-0.364965898,0.364965898,3,3,3,exceeds_null,0.3219075986,True,False,True,300,0.05662840533,0.192471087,0.003322259136,0.003671970624,True,True,300,0.06556535394,0.2000008364,0.003322259136,0.003488372093,True,True,300,0.006981139157,0.02139708092,0.003322259136,0.003322259136,True
CGIE3_ID_03,7d,spearman::event_count--interevent_time_mad_hours,event_count,interevent_time_mad_hours,eligible,-0.688406885,0.688406885,3,3,3,exceeds_null,0.6321290469,True,False,True,300,0.08182873158,0.2035337826,0.003322259136,0.003671970624,True,True,300,0.08020467017,0.2367922702,0.003322259136,0.003488372093,True,True,300,0.006800112346,0.02040769757,0.003322259136,0.003322259136,True
CGIE3_ID_03,7d,spearman::event_count--log10_cumulative_energy_joule,event_count,log10_cumulative_energy_joule,eligible,0.7666303704,0.7666303704,3,3,3,exceeds_null,0.7033314372,True,False,True,300,0.1080526129,0.2095656591,0.003322259136,0.003671970624,True,True,300,0.07461444738,0.2419594095,0.003322259136,0.003488372093,True,True,300,0.007229739555,0.02174616715,0.003322259136,0.003322259136,True
CGIE3_ID_03,7d,spearman::event_count--maximum_magnitude,event_count,maximum_magnitude,eligible,0.6896061577,0.6896061577,3,3,3,exceeds_null,0.6280759689,True,False,True,300,0.1017899863,0.1942369228,0.003322259136,0.003671970624,True,True,300,0.07593239969,0.2319227011,0.003322259136,0.003488372093,True,True,300,0.006868180514,0.02007743791,0.003322259136,0.003322259136,True
CGIE3_ID_03,7d,spearman::event_count--median_depth_km,event_count,median_depth_km,candidate,-0.2208414768,0.2208414768,3,2,2,exceeds_null,0.158279245,True,False,True,300,0.1031214319,0.2572097885,0.1096345515,0.1096345515,False,True,300,0.07735136374,0.2055827983,0.03986710963,0.03986710963,True,True,300,0.00721389999,0.02037002595,0.003322259136,0.003322259136,True
CGIE3_ID_03,7d,spearman::event_count--median_interevent_time_hours,event_count,median_interevent_time_hours,eligible,-0.810951928,0.810951928,3,3,3,exceeds_null,0.7518618336,True,False,True,300,0.07509259552,0.2217058792,0.003322259136,0.003671970624,True,True,300,0.09521823399,0.2855954914,0.003322259136,0.003488372093,True,True,300,0.006959453626,0.02072438803,0.003322259136,0.003322259136,True
CGIE3_ID_03,7d,spearman::event_count--temporal_burstiness,event_count,temporal_burstiness,eligible,0.7135910808,0.7135910808,3,3,3,exceeds_null,0.6595926275,True,False,True,300,0.07027632222,0.1984926356,0.003322259136,0.003671970624,True,True,300,0.08378177921,0.235517218,0.003322259136,0.003488372093,True,True,300,0.007937258495,0.02248281768,0.003322259136,0.003322259136,True
CGIE3_ID_03,7d,spearman::interevent_time_mad_hours--log10_cumulative_energy_joule,interevent_time_mad_hours,log10_cumulative_energy_joule,candidate,-0.5874195081,0.5874195081,3,3,3,exceeds_null,0.5422494907,True,False,True,300,0.06345373604,0.1939355378,0.003322259136,0.003671970624,True,True,300,0.06529610029,0.2032275492,0.003322259136,0.003488372093,True,True,300,0.006760216069,0.0207225993,0.003322259136,0.003322259136,True
CGIE3_ID_03,7d,spearman::interevent_time_mad_hours--maximum_magnitude,interevent_time_mad_hours,maximum_magnitude,eligible,-0.5469559863,0.5469559863,3,3,3,exceeds_null,0.5028865903,True,False,True,300,0.06624681373,0.1775934888,0.003322259136,0.003671970624,True,True,300,0.05860739232,0.1862090113,0.003322259136,0.003488372093,True,True,300,0.007353981968,0.02016804737,0.003322259136,0.003322259136,True
CGIE3_ID_03,7d,spearman::interevent_time_mad_hours--median_interevent_time_hours,interevent_time_mad_hours,median_interevent_time_hours,eligible,0.8876132627,0.8876132627,3,3,3,exceeds_null,0.8360071552,True,False,True,300,0.07360547262,0.1585933514,0.003322259136,0.003671970624,True,True,300,0.07422898932,0.2061301141,0.003322259136,0.003488372093,True,True,300,0.006983860362,0.02123169769,0.003322259136,0.003322259136,True
CGIE3_ID_03,7d,spearman::interevent_time_mad_hours--spatial_dispersion_km,interevent_time_mad_hours,spatial_dispersion_km,candidate,0.3415741573,0.3415741573,3,3,3,exceeds_null,0.2794118791,True,False,True,300,0.0968727232,0.2656704434,0.01328903654,0.01395348837,True,True,300,0.08258579641,0.2089410802,0.003322259136,0.003488372093,True,True,300,0.00702831493,0.01978218268,0.003322259136,0.003322259136,True
CGIE3_ID_03,7d,spearman::interevent_time_mad_hours--temporal_burstiness,interevent_time_mad_hours,temporal_burstiness,eligible,-0.8309718002,0.8309718002,3,3,3,exceeds_null,0.7869519292,True,False,True,300,0.05424717244,0.1851558476,0.003322259136,0.003671970624,True,True,300,0.07045149714,0.212246911,0.003322259136,0.003488372093,True,True,300,0.007360943221,0.01879783967,0.003322259136,0.003322259136,True
CGIE3_ID_03,7d,spearman::log10_cumulative_energy_joule--maximum_magnitude,log10_cumulative_energy_joule,maximum_magnitude,eligible,0.9820847483,0.9820847483,3,3,3,exceeds_null,0.929041902,True,False,True,300,0.07407638947,0.18682996,0.003322259136,0.003671970624,True,True,300,0.07772789405,0.230569475,0.003322259136,0.003488372093,True,True,300,0.007324255388,0.02259797007,0.003322259136,0.003322259136,True
CGIE3_ID_03,7d,spearman::log10_cumulative_energy_joule--median_interevent_time_hours,log10_cumulative_energy_joule,median_interevent_time_hours,candidate,-0.6690150291,0.6690150291,3,3,3,exceeds_null,0.6125231594,True,False,True,300,0.08285188113,0.2141661268,0.003322259136,0.003671970624,True,True,300,0.07994164569,0.2363036525,0.003322259136,0.003488372093,True,True,300,0.006682082106,0.02242872011,0.003322259136,0.003322259136,True
CGIE3_ID_03,7d,spearman::log10_cumulative_energy_joule--temporal_burstiness,log10_cumulative_energy_joule,temporal_burstiness,eligible,0.6071523526,0.6071523526,3,3,3,exceeds_null,0.5609523482,True,False,True,300,0.05916587333,0.2119199115,0.003322259136,0.003671970624,True,True,300,0.07196431033,0.2166652329,0.003322259136,0.003488372093,True,True,300,0.007469829519,0.0201940773,0.003322259136,0.003322259136,True
CGIE3_ID_03,7d,spearman::maximum_magnitude--median_interevent_time_hours,maximum_magnitude,median_interevent_time_hours,candidate,-0.6068095001,0.6068095001,3,3,3,exceeds_null,0.5553027646,True,False,True,300,0.07124734916,0.1860858677,0.003322259136,0.003671970624,True,True,300,0.07553733758,0.2279569854,0.003322259136,0.003488372093,True,True,300,0.007735519642,0.02346946066,0.003322259136,0.003322259136,True
CGIE3_ID_03,7d,spearman::maximum_magnitude--temporal_burstiness,maximum_magnitude,temporal_burstiness,eligible,0.55085097,0.55085097,3,3,3,exceeds_null,0.5026322265,True,False,True,300,0.06300437412,0.2148271704,0.003322259136,0.003671970624,True,True,300,0.07419420261,0.1932341882,0.003322259136,0.003488372093,True,True,300,0.007457653805,0.02221160044,0.003322259136,0.003322259136,True
CGIE3_ID_03,7d,spearman::median_depth_km--spatial_dispersion_km,median_depth_km,spatial_dispersion_km,eligible,0.5172865986,0.5172865986,3,3,3,exceeds_null,0.4519371367,True,False,True,300,0.1090217357,0.1951950402,0.003322259136,0.003671970624,True,True,300,0.08034395592,0.2216946634,0.003322259136,0.003488372093,True,True,300,0.006682693912,0.01939140136,0.003322259136,0.003322259136,True
CGIE3_ID_03,7d,spearman::median_interevent_time_hours--spatial_dispersion_km,median_interevent_time_hours,spatial_dispersion_km,candidate,0.3727351704,0.3727351704,3,3,3,exceeds_null,0.3018893541,True,False,True,300,0.1129596252,0.2729736378,0.003322259136,0.003671970624,True,True,300,0.09285074365,0.2501891412,0.003322259136,0.003488372093,True,True,300,0.006727079985,0.02153079788,0.003322259136,0.003322259136,True
CGIE3_ID_03,7d,spearman::median_interevent_time_hours--temporal_burstiness,median_interevent_time_hours,temporal_burstiness,eligible,-0.8975932607,0.8975932607,3,3,3,exceeds_null,0.8528984454,True,False,True,300,0.0470390691,0.2324489305,0.003322259136,0.003671970624,True,True,300,0.07998916877,0.214973022,0.003322259136,0.003488372093,True,True,300,0.007056207884,0.02096586663,0.003322259136,0.003322259136,True
CGIE3_ID_03,7d,spearman::spatial_dispersion_km--temporal_burstiness,spatial_dispersion_km,temporal_burstiness,eligible,-0.3687397992,0.3687397992,3,3,3,exceeds_null,0.3047553636,True,False,True,300,0.097811384,0.2543864929,0.003322259136,0.003671970624,True,True,300,0.08652860747,0.2388834635,0.003322259136,0.003488372093,True,True,300,0.007613315325,0.02033190441,0.003322259136,0.003322259136,True
