experiment_id,window_id,relation_id,source_id,target_id,id02_status,nominal_sample_count,half_stride_sample_count,nonoverlap_sample_count,rolling_strength,half_stride_strength,nonoverlap_strength,rolling_sign,half_stride_sign,nonoverlap_sign,half_stride_absolute_strength_change,nonoverlap_absolute_strength_change,nonoverlap_sign_preserved,rolling_bootstrap_ci_width,half_stride_bootstrap_ci_width,nonoverlap_bootstrap_ci_width,lag1_autocorrelation_source,lag1_autocorrelation_target,effective_support_diagnostic,overlap_class,strongly_overlap_sensitive_flag,nonoverlap_estimable,id02_status_modified
CGIE3_ID_03,1d,spearman::depth_mad_km--spatial_dispersion_km,depth_mad_km,spatial_dispersion_km,eligible,3853,328,170,0.300418432,0.2619637058,0.2869667026,1,1,1,0.03845472623,0.01345172939,True,0.2015676027,0.2103321836,0.2615679227,0.5008068377,0.9263553979,170,overlap_robust,False,True,False
CGIE3_ID_03,1d,spearman::event_count--interevent_time_mad_hours,event_count,interevent_time_mad_hours,eligible,3853,328,170,0.4971858071,0.4976812479,0.5435036144,1,1,1,0.0004954408162,0.04631780727,True,0.2400751975,0.2814071899,0.2947379348,0.9922265686,0.7413914575,170,overlap_robust,False,True,False
CGIE3_ID_03,1d,spearman::event_count--log10_cumulative_energy_joule,event_count,log10_cumulative_energy_joule,eligible,6076,507,252,0.7586573147,0.7601840636,0.7624074145,1,1,1,0.001526748836,0.003750099773,True,0.1022309814,0.1083024221,0.1306060098,0.9922265686,0.9634139169,252,overlap_robust,False,True,False
CGIE3_ID_03,1d,spearman::event_count--maximum_magnitude,event_count,maximum_magnitude,eligible,6076,507,252,0.675143177,0.6755741418,0.6760204874,1,1,1,0.0004309648153,0.0008773103824,True,0.1310935105,0.1438362881,0.1468726789,0.9922265686,0.9609467508,252,overlap_robust,False,True,False
CGIE3_ID_03,1d,spearman::event_count--median_interevent_time_hours,event_count,median_interevent_time_hours,eligible,3853,328,170,-0.5284007872,-0.528571502,-0.5575128034,-1,-1,-1,0.0001707148377,0.02911201623,True,0.1900508757,0.2281761776,0.224181073,0.9922265686,0.8630266499,170,overlap_robust,False,True,False
CGIE3_ID_03,1d,spearman::interevent_time_mad_hours--log10_cumulative_energy_joule,interevent_time_mad_hours,log10_cumulative_energy_joule,candidate,3853,328,170,0.2877519563,0.2870775349,0.3048533317,1,1,1,0.000674421383,0.01710137537,True,0.1916061442,0.2236102505,0.2162840275,0.7413914575,0.9634139169,170,overlap_robust,False,True,False
CGIE3_ID_03,1d,spearman::interevent_time_mad_hours--maximum_magnitude,interevent_time_mad_hours,maximum_magnitude,candidate,3853,328,170,0.2427518202,0.2387632496,0.2455802322,1,1,1,0.003988570557,0.002828411993,True,0.1922162586,0.2290070947,0.2165947686,0.7413914575,0.9609467508,170,overlap_robust,False,True,False
CGIE3_ID_03,1d,spearman::log10_cumulative_energy_joule--maximum_magnitude,log10_cumulative_energy_joule,maximum_magnitude,eligible,6076,507,252,0.9858583829,0.9852056696,0.9847065548,1,1,1,0.0006527132982,0.001151828174,True,0.008685004852,0.008633288809,0.01067430583,0.9634139169,0.9609467508,252,overlap_robust,False,True,False
CGIE3_ID_03,1d,spearman::log10_cumulative_energy_joule--median_interevent_time_hours,log10_cumulative_energy_joule,median_interevent_time_hours,eligible,3853,328,170,-0.4366162893,-0.4678515816,-0.5119425876,-1,-1,-1,0.03123529232,0.07532629829,True,0.1908537519,0.1756039799,0.2053950699,0.9634139169,0.8630266499,170,overlap_robust,False,True,False
CGIE3_ID_03,1d,spearman::maximum_magnitude--median_interevent_time_hours,maximum_magnitude,median_interevent_time_hours,eligible,3853,328,170,-0.4042337978,-0.4405210836,-0.4842427915,-1,-1,-1,0.03628728581,0.08000899371,True,0.173653343,0.168990799,0.2171700707,0.9609467508,0.8630266499,170,overlap_robust,False,True,False
CGIE3_ID_03,1d,spearman::median_depth_km--spatial_dispersion_km,median_depth_km,spatial_dispersion_km,candidate,3853,328,170,0.2688861285,0.2399294442,0.2659499542,1,1,1,0.02895668428,0.002936174297,True,0.2164417804,0.2321206392,0.2503005932,0.5130959431,0.9263553979,170,overlap_robust,False,True,False
CGIE3_ID_03,1d,spearman::median_interevent_time_hours--spatial_dispersion_km,median_interevent_time_hours,spatial_dispersion_km,eligible,3853,328,170,0.4993867358,0.464090752,0.4340264165,1,1,1,0.03529598386,0.06536031928,True,0.1826510822,0.1949329285,0.2279561883,0.8630266499,0.9263553979,170,overlap_robust,False,True,False
CGIE3_ID_03,30d,spearman::depth_mad_km--median_depth_km,depth_mad_km,median_depth_km,candidate,8707,24,12,-0.4485559896,-0.5638165576,-0.5640505517,-1,-1,-1,0.1152605681,0.1154945622,True,0.3215416251,0.6304677468,0.9102397668,0.996799788,0.9989476926,12,overlap_robust,False,True,False
CGIE3_ID_03,30d,spearman::event_count--interevent_time_mad_hours,event_count,interevent_time_mad_hours,eligible,8707,24,12,-0.7624175354,-0.7617391304,-0.6433566434,-1,-1,-1,0.0006784049495,0.119060892,True,0.1949528143,0.7051190124,0.8595498816,0.9999138432,0.9974650069,12,overlap_robust,False,True,False
CGIE3_ID_03,30d,spearman::event_count--log10_cumulative_energy_joule,event_count,log10_cumulative_energy_joule,eligible,8719,24,12,0.3148075384,0.2504347826,0.1468531469,1,1,1,0.0643727558,0.1679543916,True,0.3808126304,1.322278809,1.173619216,0.9999138432,0.9986314761,12,moderately_overlap_sensitive,False,True,False
CGIE3_ID_03,30d,spearman::event_count--maximum_magnitude,event_count,maximum_magnitude,candidate,8719,24,12,0.2076225819,0.1630983936,0.1719308829,1,1,1,0.04452418826,0.03569169895,True,0.4106953803,1.207591716,1.092985372,0.9999138432,0.9981598913,12,overlap_robust,False,True,False
CGIE3_ID_03,30d,spearman::event_count--median_depth_km,event_count,median_depth_km,candidate,8719,24,12,-0.2924734839,-0.3434518651,-0.1058242205,-1,-1,-1,0.05097838124,0.1866492634,True,0.4157010359,0.9853247271,1.126987429,0.9999138432,0.9989476926,12,moderately_overlap_sensitive,False,True,False
CGIE3_ID_03,30d,spearman::event_count--median_interevent_time_hours,event_count,median_interevent_time_hours,candidate,8707,24,12,-0.784506337,-0.7617391304,-0.6433566434,-1,-1,-1,0.02276720661,0.1411496937,True,0.1963249546,0.5551234483,0.9661937926,0.9999138432,0.9972811975,12,overlap_robust,False,True,False
CGIE3_ID_03,30d,spearman::event_count--spatial_dispersion_km,event_count,spatial_dispersion_km,candidate,8707,24,12,-0.3093456145,-0.3582608696,-0.1188811189,-1,-1,-1,0.04891525508,0.1904644956,True,0.3678456312,0.8900894378,0.9905312786,0.9999138432,0.9991111308,12,moderately_overlap_sensitive,False,True,False
CGIE3_ID_03,30d,spearman::event_count--temporal_burstiness,event_count,temporal_burstiness,candidate,8671,24,12,0.7035004302,0.6434782609,0.6013986014,1,1,1,0.06002216932,0.1021018288,True,0.2021170507,0.6109639795,0.7899379449,0.9999138432,0.999343589,12,overlap_robust,False,True,False
CGIE3_ID_03,30d,spearman::interevent_time_mad_hours--log10_cumulative_energy_joule,interevent_time_mad_hours,log10_cumulative_energy_joule,candidate,8707,24,12,-0.3524839608,-0.36,-0.1188811189,-1,-1,-1,0.007516039163,0.233602842,True,0.3575153222,0.7608358852,0.9805435555,0.9974650069,0.9986314761,12,moderately_overlap_sensitive,False,True,False
CGIE3_ID_03,30d,spearman::interevent_time_mad_hours--maximum_magnitude,interevent_time_mad_hours,maximum_magnitude,candidate,8707,24,12,-0.2739458103,-0.2925276818,-0.1087725994,-1,-1,-1,0.01858187152,0.1651732109,True,0.3582758787,0.8732093367,0.9405406427,0.9974650069,0.9981598913,12,moderately_overlap_sensitive,False,True,False
CGIE3_ID_03,30d,spearman::interevent_time_mad_hours--median_depth_km,interevent_time_mad_hours,median_depth_km,candidate,8707,24,12,0.5475655167,0.6161930522,0.5890881609,1,1,1,0.06862753543,0.04152264411,True,0.2596690078,0.4305561861,0.7499014067,0.9974650069,0.9989476926,12,overlap_robust,False,True,False
CGIE3_ID_03,30d,spearman::interevent_time_mad_hours--median_interevent_time_hours,interevent_time_mad_hours,median_interevent_time_hours,eligible,8707,24,12,0.9768087719,1,1,1,1,1,0.02319122813,0.02319122813,True,0.06927288676,1.110223025e-16,1.110223025e-16,0.9974650069,0.9972811975,12,overlap_robust,False,True,False
CGIE3_ID_03,30d,spearman::interevent_time_mad_hours--spatial_dispersion_km,interevent_time_mad_hours,spatial_dispersion_km,eligible,8707,24,12,0.6003236393,0.6382608696,0.3986013986,1,1,1,0.03793723026,0.2017222407,True,0.2708404139,0.537218197,0.8685646974,0.9974650069,0.9991111308,12,moderately_overlap_sensitive,False,True,False
CGIE3_ID_03,30d,spearman::interevent_time_mad_hours--temporal_burstiness,interevent_time_mad_hours,temporal_burstiness,eligible,8671,24,12,-0.8709167861,-0.8617391304,-0.7342657343,-1,-1,-1,0.009177655702,0.1366510519,True,0.1012128194,0.2085890736,0.4705164504,0.9974650069,0.999343589,12,overlap_robust,False,True,False
CGIE3_ID_03,30d,spearman::log10_cumulative_energy_joule--maximum_magnitude,log10_cumulative_energy_joule,maximum_magnitude,eligible,8719,24,12,0.9721793308,0.971594184,0.961409427,1,1,1,0.000585146792,0.01076990378,True,0.02900162808,0.05631808248,0.08668545712,0.9986314761,0.9981598913,12,overlap_robust,False,True,False
CGIE3_ID_03,30d,spearman::log10_cumulative_energy_joule--median_interevent_time_hours,log10_cumulative_energy_joule,median_interevent_time_hours,candidate,8707,24,12,-0.3744843013,-0.36,-0.1188811189,-1,-1,-1,0.01448430131,0.2556031824,True,0.3819261472,0.9187488802,0.9906179947,0.9986314761,0.9972811975,12,moderately_overlap_sensitive,False,True,False
CGIE3_ID_03,30d,spearman::log10_cumulative_energy_joule--temporal_burstiness,log10_cumulative_energy_joule,temporal_burstiness,candidate,8671,24,12,0.4489356734,0.4504347826,0.3006993007,1,1,1,0.001499109227,0.1482363727,True,0.3339346956,0.6440355363,0.9785368825,0.9986314761,0.999343589,12,overlap_robust,False,True,False
CGIE3_ID_03,30d,spearman::maximum_magnitude--median_interevent_time_hours,maximum_magnitude,median_interevent_time_hours,candidate,8707,24,12,-0.2956620938,-0.2925276818,-0.1087725994,-1,-1,-1,0.003134411972,0.1868894944,True,0.383208682,0.9120511866,0.8255005846,0.9981598913,0.9972811975,12,moderately_overlap_sensitive,False,True,False
CGIE3_ID_03,30d,spearman::maximum_magnitude--temporal_burstiness,maximum_magnitude,temporal_burstiness,eligible,8671,24,12,0.3919860475,0.4049037868,0.3438617659,1,1,1,0.01291773931,0.04812428167,True,0.3864892333,0.691315165,0.9914893617,0.9981598913,0.999343589,12,overlap_robust,False,True,False
CGIE3_ID_03,30d,spearman::median_depth_km--median_interevent_time_hours,median_depth_km,median_interevent_time_hours,candidate,8707,24,12,0.5453375348,0.6161930522,0.5890881609,1,1,1,0.07085551733,0.04375062601,True,0.2699860524,0.4430730133,0.70496118,0.9989476926,0.9972811975,12,overlap_robust,False,True,False
CGIE3_ID_03,30d,spearman::median_depth_km--spatial_dispersion_km,median_depth_km,spatial_dispersion_km,eligible,8707,24,12,0.7668159829,0.772986295,0.7125497515,1,1,1,0.00617031203,0.05426623148,True,0.1429911015,0.5680222637,0.5887621928,0.9989476926,0.9991111308,12,overlap_robust,False,True,False
CGIE3_ID_03,30d,spearman::median_interevent_time_hours--spatial_dispersion_km,median_interevent_time_hours,spatial_dispersion_km,eligible,8707,24,12,0.6227898219,0.6382608696,0.3986013986,1,1,1,0.01547104765,0.2241884233,True,0.2968787361,0.5047624429,0.8039556583,0.9972811975,0.9991111308,12,moderately_overlap_sensitive,False,True,False
CGIE3_ID_03,30d,spearman::median_interevent_time_hours--temporal_burstiness,median_interevent_time_hours,temporal_burstiness,eligible,8671,24,12,-0.8710282538,-0.8617391304,-0.7342657343,-1,-1,-1,0.009289123317,0.1367625195,True,0.09238829572,0.2039028269,0.4675650334,0.9972811975,0.999343589,12,overlap_robust,False,True,False
CGIE3_ID_03,30d,spearman::spatial_dispersion_km--temporal_burstiness,spatial_dispersion_km,temporal_burstiness,candidate,8671,24,12,-0.4276225484,-0.4956521739,-0.1818181818,-1,-1,-1,0.06802962548,0.2458043666,True,0.3727815212,0.6024117463,1.116652393,0.9991111308,0.999343589,12,moderately_overlap_sensitive,False,True,False
CGIE3_ID_03,3d,spearman::depth_mad_km--median_depth_km,depth_mad_km,median_depth_km,candidate,7429,203,104,-0.2500408068,-0.216406489,-0.2867477422,-1,-1,-1,0.03363431772,0.03670693548,True,0.2543515664,0.2991315263,0.274358697,0.9620730149,0.9844995421,104,overlap_robust,False,True,False
CGIE3_ID_03,3d,spearman::event_count--log10_cumulative_energy_joule,event_count,log10_cumulative_energy_joule,eligible,8366,235,120,0.7643132483,0.7834922957,0.7853127631,1,1,1,0.01917904744,0.0209995148,True,0.1358147027,0.1698354055,0.1743510495,0.9984477651,0.9887866175,120,overlap_robust,False,True,False
CGIE3_ID_03,3d,spearman::event_count--maximum_magnitude,event_count,maximum_magnitude,eligible,8366,235,120,0.6849611887,0.7113683819,0.7220867388,1,1,1,0.02640719322,0.03712555018,True,0.1471119432,0.1852958402,0.2076636239,0.9984477651,0.98777766,120,overlap_robust,False,True,False
CGIE3_ID_03,3d,spearman::event_count--median_interevent_time_hours,event_count,median_interevent_time_hours,eligible,7429,203,104,-0.6985971355,-0.6986685712,-0.7016862184,-1,-1,-1,7.143571952e-05,0.003089082927,True,0.1846248434,0.1779580302,0.2684065797,0.9984477651,0.9583791977,104,overlap_robust,False,True,False
CGIE3_ID_03,3d,spearman::event_count--temporal_burstiness,event_count,temporal_burstiness,eligible,6411,176,86,0.726327815,0.7399057576,0.74194066,1,1,1,0.01357794266,0.01561284499,True,0.1394750048,0.1285368314,0.2163978529,0.9984477651,0.9656062031,86,overlap_robust,False,True,False
CGIE3_ID_03,3d,spearman::interevent_time_mad_hours--median_depth_km,interevent_time_mad_hours,median_depth_km,candidate,7429,203,104,0.2309277449,0.1855596792,0.2007003382,1,1,1,0.04536806572,0.03022740664,True,0.2395187607,0.3082550334,0.3318554136,0.8973207033,0.9844995421,104,overlap_robust,False,True,False
CGIE3_ID_03,3d,spearman::interevent_time_mad_hours--median_interevent_time_hours,interevent_time_mad_hours,median_interevent_time_hours,candidate,7429,203,104,0.3619797493,0.3982381852,0.3623053685,1,1,1,0.03625843589,0.0003256191853,True,0.2876080002,0.4261249998,0.5241465942,0.8973207033,0.9583791977,104,overlap_robust,False,True,False
CGIE3_ID_03,3d,spearman::interevent_time_mad_hours--temporal_burstiness,interevent_time_mad_hours,temporal_burstiness,eligible,6411,176,86,-0.6501812247,-0.6660738096,-0.7783480353,-1,-1,-1,0.01589258495,0.1281668106,True,0.1878316259,0.2201353977,0.159088176,0.8973207033,0.9656062031,86,overlap_robust,False,True,False
CGIE3_ID_03,3d,spearman::log10_cumulative_energy_joule--maximum_magnitude,log10_cumulative_energy_joule,maximum_magnitude,eligible,8366,235,120,0.9857719933,0.9869839116,0.9882666196,1,1,1,0.00121191834,0.002494626287,True,0.01108925438,0.01122648978,0.010857696,0.9887866175,0.98777766,120,overlap_robust,False,True,False
CGIE3_ID_03,3d,spearman::log10_cumulative_energy_joule--median_interevent_time_hours,log10_cumulative_energy_joule,median_interevent_time_hours,eligible,7429,203,104,-0.6192985896,-0.6342518757,-0.6319265331,-1,-1,-1,0.01495328612,0.01262794347,True,0.1772339058,0.1980573269,0.2192354533,0.9887866175,0.9583791977,104,overlap_robust,False,True,False
CGIE3_ID_03,3d,spearman::log10_cumulative_energy_joule--temporal_burstiness,log10_cumulative_energy_joule,temporal_burstiness,eligible,6411,176,86,0.6035365782,0.615943975,0.5503750177,1,1,1,0.01240739676,0.05316156053,True,0.2020743092,0.214334081,0.2445484738,0.9887866175,0.9656062031,86,overlap_robust,False,True,False
CGIE3_ID_03,3d,spearman::maximum_magnitude--median_interevent_time_hours,maximum_magnitude,median_interevent_time_hours,eligible,7429,203,104,-0.5691115683,-0.5923265507,-0.5841945901,-1,-1,-1,0.02321498247,0.01508302184,True,0.1820043793,0.1897952089,0.2215935607,0.98777766,0.9583791977,104,overlap_robust,False,True,False
CGIE3_ID_03,3d,spearman::maximum_magnitude--temporal_burstiness,maximum_magnitude,temporal_burstiness,eligible,6411,176,86,0.5554651543,0.5685028856,0.4877192662,1,1,1,0.01303773134,0.06774588812,True,0.2295112409,0.2522165751,0.2572409181,0.98777766,0.9656062031,86,overlap_robust,False,True,False
CGIE3_ID_03,3d,spearman::median_depth_km--spatial_dispersion_km,median_depth_km,spatial_dispersion_km,candidate,7429,203,104,0.3355845205,0.2936141292,0.2830931265,1,1,1,0.04197039131,0.052491394,True,0.2706160036,0.2878418441,0.2855671425,0.9844995421,0.9722844533,104,overlap_robust,False,True,False
CGIE3_ID_03,3d,spearman::median_interevent_time_hours--spatial_dispersion_km,median_interevent_time_hours,spatial_dispersion_km,candidate,7429,203,104,0.3159157065,0.3660734203,0.3470607063,1,1,1,0.0501577138,0.03114499983,True,0.2481940355,0.2701210564,0.3509023651,0.9583791977,0.9722844533,104,overlap_robust,False,True,False
CGIE3_ID_03,3d,spearman::median_interevent_time_hours--temporal_burstiness,median_interevent_time_hours,temporal_burstiness,eligible,6411,176,86,-0.8153786569,-0.8182592608,-0.8776357375,-1,-1,-1,0.002880603875,0.06225708062,True,0.1253347465,0.1541015376,0.07546850136,0.9583791977,0.9656062031,86,overlap_robust,False,True,False
CGIE3_ID_03,3d,spearman::spatial_dispersion_km--temporal_burstiness,spatial_dispersion_km,temporal_burstiness,candidate,6411,176,86,-0.3260219094,-0.3399875412,-0.3744987971,-1,-1,-1,0.01396563187,0.04847688774,True,0.2726926547,0.34547165,0.3449749389,0.9722844533,0.9656062031,86,overlap_robust,False,True,False
CGIE3_ID_03,7d,spearman::depth_mad_km--median_depth_km,depth_mad_km,median_depth_km,eligible,8676,104,52,-0.364965898,-0.3606844964,-0.3795486183,-1,-1,-1,0.004281401619,0.0145827203,True,0.3000459494,0.3402271817,0.4324351258,0.9833793059,0.9939618396,52,overlap_robust,False,True,False
CGIE3_ID_03,7d,spearman::event_count--interevent_time_mad_hours,event_count,interevent_time_mad_hours,eligible,8676,104,52,-0.688406885,-0.6381592776,-0.7096145467,-1,-1,-1,0.05024760741,0.02120766174,True,0.1750068296,0.3997240321,0.2371450886,0.9995112049,0.9698050164,52,overlap_robust,False,True,False
CGIE3_ID_03,7d,spearman::event_count--log10_cumulative_energy_joule,event_count,log10_cumulative_energy_joule,eligible,8719,104,52,0.7666303704,0.755011527,0.7639567123,1,1,1,0.01161884342,0.00267365811,True,0.1292038388,0.2102705673,0.2189681474,0.9995112049,0.9944621502,52,overlap_robust,False,True,False
CGIE3_ID_03,7d,spearman::event_count--maximum_magnitude,event_count,maximum_magnitude,eligible,8719,104,52,0.6896061577,0.684602912,0.7077448146,1,1,1,0.005003245711,0.01813865687,True,0.1754532942,0.2221769682,0.2814213902,0.9995112049,0.9934766805,52,overlap_robust,False,True,False
CGIE3_ID_03,7d,spearman::event_count--median_depth_km,event_count,median_depth_km,candidate,8719,104,52,-0.2208414768,-0.2272980135,-0.2506487663,-1,-1,-1,0.006456536643,0.02980728941,True,0.3270151282,0.4949696501,0.4591341634,0.9995112049,0.9939618396,52,overlap_robust,False,True,False
CGIE3_ID_03,7d,spearman::event_count--median_interevent_time_hours,event_count,median_interevent_time_hours,eligible,8676,104,52,-0.810951928,-0.8188461672,-0.7853940548,-1,-1,-1,0.007894239186,0.02555787318,True,0.137601688,0.1905894532,0.1901891358,0.9995112049,0.9793224747,52,overlap_robust,False,True,False
CGIE3_ID_03,7d,spearman::event_count--temporal_burstiness,event_count,temporal_burstiness,eligible,8578,102,52,0.7135910808,0.7050176892,0.6734577515,1,1,1,0.008573391541,0.04013332928,True,0.1864235435,0.2640333693,0.3575964585,0.9995112049,0.993065407,52,overlap_robust,False,True,False
CGIE3_ID_03,7d,spearman::interevent_time_mad_hours--log10_cumulative_energy_joule,interevent_time_mad_hours,log10_cumulative_energy_joule,candidate,8676,104,52,-0.5874195081,-0.5363611874,-0.6219585076,-1,-1,-1,0.0510583208,0.03453899949,True,0.1910292365,0.2855353939,0.2294139241,0.9698050164,0.9944621502,52,overlap_robust,False,True,False
CGIE3_ID_03,7d,spearman::interevent_time_mad_hours--maximum_magnitude,interevent_time_mad_hours,maximum_magnitude,eligible,8676,104,52,-0.5469559863,-0.5071696683,-0.5992483619,-1,-1,-1,0.03978631798,0.05229237563,True,0.2017000617,0.2663730123,0.3129009831,0.9698050164,0.9934766805,52,overlap_robust,False,True,False
CGIE3_ID_03,7d,spearman::interevent_time_mad_hours--median_interevent_time_hours,interevent_time_mad_hours,median_interevent_time_hours,eligible,8676,104,52,0.8876132627,0.8513663097,0.9244429267,1,1,1,0.03624695293,0.03682966401,True,0.1151024527,0.2802330034,0.1753006176,0.9698050164,0.9793224747,52,overlap_robust,False,True,False
CGIE3_ID_03,7d,spearman::interevent_time_mad_hours--spatial_dispersion_km,interevent_time_mad_hours,spatial_dispersion_km,candidate,8676,104,52,0.3415741573,0.2403399134,0.1831298557,1,1,1,0.1012342439,0.1584443016,True,0.3131851742,0.401306617,0.4512084062,0.9698050164,0.9899491881,52,moderately_overlap_sensitive,False,True,False
CGIE3_ID_03,7d,spearman::interevent_time_mad_hours--temporal_burstiness,interevent_time_mad_hours,temporal_burstiness,eligible,8578,102,52,-0.8309718002,-0.8260230363,-0.8162725177,-1,-1,-1,0.00494876384,0.01469928247,True,0.1005679295,0.15761359,0.2673764048,0.9698050164,0.993065407,52,overlap_robust,False,True,False
CGIE3_ID_03,7d,spearman::log10_cumulative_energy_joule--maximum_magnitude,log10_cumulative_energy_joule,maximum_magnitude,eligible,8719,104,52,0.9820847483,0.9854201589,0.9855028731,1,1,1,0.003335410594,0.003418124873,True,0.01606680645,0.01936337404,0.0276133875,0.9944621502,0.9934766805,52,overlap_robust,False,True,False
CGIE3_ID_03,7d,spearman::log10_cumulative_energy_joule--median_interevent_time_hours,log10_cumulative_energy_joule,median_interevent_time_hours,candidate,8676,104,52,-0.6690150291,-0.6604039305,-0.6570477248,-1,-1,-1,0.008611098536,0.0119673043,True,0.1551751917,0.2095037132,0.2165415812,0.9944621502,0.9793224747,52,overlap_robust,False,True,False
CGIE3_ID_03,7d,spearman::log10_cumulative_energy_joule--temporal_burstiness,log10_cumulative_energy_joule,temporal_burstiness,eligible,8578,102,52,0.6071523526,0.5864088979,0.5654401093,1,1,1,0.02074345467,0.04171224327,True,0.2052484492,0.2258229832,0.3485969366,0.9944621502,0.993065407,52,overlap_robust,False,True,False
CGIE3_ID_03,7d,spearman::maximum_magnitude--median_interevent_time_hours,maximum_magnitude,median_interevent_time_hours,candidate,8676,104,52,-0.6068095001,-0.6007658905,-0.6156292143,-1,-1,-1,0.006043609597,0.008819714234,True,0.1871193619,0.1960571133,0.2540200508,0.9934766805,0.9793224747,52,overlap_robust,False,True,False
CGIE3_ID_03,7d,spearman::maximum_magnitude--temporal_burstiness,maximum_magnitude,temporal_burstiness,eligible,8578,102,52,0.55085097,0.543959089,0.5480100822,1,1,1,0.006891881065,0.002840887861,True,0.2397847204,0.2175227072,0.3833307707,0.9934766805,0.993065407,52,overlap_robust,False,True,False
CGIE3_ID_03,7d,spearman::median_depth_km--spatial_dispersion_km,median_depth_km,spatial_dispersion_km,eligible,8676,104,52,0.5172865986,0.4761549998,0.4617669605,1,1,1,0.04113159876,0.0555196381,True,0.1978735731,0.2866162568,0.3986641536,0.9939618396,0.9899491881,52,overlap_robust,False,True,False
CGIE3_ID_03,7d,spearman::median_interevent_time_hours--spatial_dispersion_km,median_interevent_time_hours,spatial_dispersion_km,candidate,8676,104,52,0.3727351704,0.2780462824,0.2419533851,1,1,1,0.09468888804,0.1307817853,True,0.3016187171,0.4484489129,0.5449660136,0.9793224747,0.9899491881,52,overlap_robust,False,True,False
CGIE3_ID_03,7d,spearman::median_interevent_time_hours--temporal_burstiness,median_interevent_time_hours,temporal_burstiness,eligible,8578,102,52,-0.8975932607,-0.8985179447,-0.8973789806,-1,-1,-1,0.0009246840486,0.0002142800763,True,0.06749172078,0.08672112038,0.1745564217,0.9793224747,0.993065407,52,overlap_robust,False,True,False
CGIE3_ID_03,7d,spearman::spatial_dispersion_km--temporal_burstiness,spatial_dispersion_km,temporal_burstiness,eligible,8578,102,52,-0.3687397992,-0.2975555694,-0.2586869291,-1,-1,-1,0.07118422979,0.1100528701,True,0.2975395108,0.4788923155,0.4514865673,0.9899491881,0.993065407,52,overlap_robust,False,True,False
