experiment_id,pair_id,source_id,target_id,scale_1d_present,scale_1d_relation_id,scale_1d_id02_status,scale_1d_estimability,scale_1d_strength,scale_1d_absolute_strength,scale_1d_sign,scale_1d_persistence,scale_1d_estimable_block_fraction,scale_1d_sign_preservation_fraction,scale_1d_bootstrap_ci_lower,scale_1d_bootstrap_ci_upper,scale_1d_bootstrap_ci_width,scale_1d_leave_one_block_out_robust,scale_1d_missingness_stress_robust,scale_1d_supported,scale_3d_present,scale_3d_relation_id,scale_3d_id02_status,scale_3d_estimability,scale_3d_strength,scale_3d_absolute_strength,scale_3d_sign,scale_3d_persistence,scale_3d_estimable_block_fraction,scale_3d_sign_preservation_fraction,scale_3d_bootstrap_ci_lower,scale_3d_bootstrap_ci_upper,scale_3d_bootstrap_ci_width,scale_3d_leave_one_block_out_robust,scale_3d_missingness_stress_robust,scale_3d_supported,scale_7d_present,scale_7d_relation_id,scale_7d_id02_status,scale_7d_estimability,scale_7d_strength,scale_7d_absolute_strength,scale_7d_sign,scale_7d_persistence,scale_7d_estimable_block_fraction,scale_7d_sign_preservation_fraction,scale_7d_bootstrap_ci_lower,scale_7d_bootstrap_ci_upper,scale_7d_bootstrap_ci_width,scale_7d_leave_one_block_out_robust,scale_7d_missingness_stress_robust,scale_7d_supported,scale_30d_present,scale_30d_relation_id,scale_30d_id02_status,scale_30d_estimability,scale_30d_strength,scale_30d_absolute_strength,scale_30d_sign,scale_30d_persistence,scale_30d_estimable_block_fraction,scale_30d_sign_preservation_fraction,scale_30d_bootstrap_ci_lower,scale_30d_bootstrap_ci_upper,scale_30d_bootstrap_ci_width,scale_30d_leave_one_block_out_robust,scale_30d_missingness_stress_robust,scale_30d_supported,present_scale_count,estimable_scale_count,supported_scale_count,supported_windows,estimable_windows,dominant_sign,sign_consistent,opposite_sign_detected,strong_scale_contradiction,scale_inconsistent,multiscale_class,minimum_supported_strength,maximum_supported_strength,supported_strength_range,mean_supported_strength,supported_strength_standard_deviation,minimum_supported_persistence,maximum_supported_persistence,mean_supported_persistence,median_supported_bootstrap_ci_width,representative_minimum_scale_count_met,dependency_statuses,definitionally_constrained_flag,id02_status_modified
CGIE3_ID_03,depth_mad_km--event_count,depth_mad_km,event_count,True,spearman::depth_mad_km--event_count,rejected,estimable,-0.0246149832,0.0246149832,-1,0.1666666667,1,0.5833333333,-0.1249290017,0.07643293357,0.2013619353,True,True,False,True,spearman::depth_mad_km--event_count,rejected,estimable,0.1534963808,0.1534963808,1,0.5833333333,1,0.6666666667,0.06644108815,0.2373631213,0.1709220331,True,True,False,True,spearman::depth_mad_km--event_count,rejected,estimable,0.2324635743,0.2324635743,1,0.4166666667,1,0.5833333333,0.1240092848,0.328699212,0.2046899271,True,True,False,True,spearman::depth_mad_km--event_count,rejected,estimable,0.100376192,0.100376192,1,0.5,1,0.5833333333,0.001886842612,0.1959549574,0.1940681148,True,True,False,4,4,0,,1d|3d|7d|30d,,False,False,False,False,scale_inconsistent,,,,,,,,,,False,independent_source,False,False
CGIE3_ID_03,depth_mad_km--interevent_time_mad_hours,depth_mad_km,interevent_time_mad_hours,True,spearman::depth_mad_km--interevent_time_mad_hours,rejected,estimable,-0.03287475103,0.03287475103,-1,0.1666666667,1,0.8333333333,-0.1231279046,0.05161682857,0.1747447332,True,True,False,True,spearman::depth_mad_km--interevent_time_mad_hours,rejected,estimable,0.1026379911,0.1026379911,1,0.25,1,0.6666666667,0.0001195177593,0.2014540563,0.2013345385,True,True,False,True,spearman::depth_mad_km--interevent_time_mad_hours,rejected,estimable,-0.04531972965,0.04531972965,-1,0.3333333333,1,0.4166666667,-0.1343606733,0.04822863812,0.1825893114,True,True,False,True,spearman::depth_mad_km--interevent_time_mad_hours,rejected,estimable,-0.05250887782,0.05250887782,-1,0.4166666667,1,0.5,-0.1544007834,0.04901403309,0.2034148165,True,True,False,4,4,0,,1d|3d|7d|30d,,False,False,False,False,scale_inconsistent,,,,,,,,,,False,independent_source,False,False
CGIE3_ID_03,depth_mad_km--log10_cumulative_energy_joule,depth_mad_km,log10_cumulative_energy_joule,True,spearman::depth_mad_km--log10_cumulative_energy_joule,rejected,estimable,-0.1337919797,0.1337919797,-1,0.4166666667,1,0.75,-0.2411916548,-0.01373743414,0.2274542207,True,True,False,True,spearman::depth_mad_km--log10_cumulative_energy_joule,rejected,estimable,0.0007731058937,0.0007731058937,1,0.25,1,0.5,-0.1039818722,0.09157517661,0.1955570488,False,False,False,True,spearman::depth_mad_km--log10_cumulative_energy_joule,rejected,estimable,0.08665480639,0.08665480639,1,0.4166666667,1,0.5833333333,-0.0191825123,0.1773626721,0.1965451844,True,True,False,True,spearman::depth_mad_km--log10_cumulative_energy_joule,rejected,estimable,0.1589628733,0.1589628733,1,0.5,1,0.75,0.06854309212,0.2509380504,0.1823949583,True,True,False,4,4,0,,1d|3d|7d|30d,,False,False,False,False,scale_inconsistent,,,,,,,,,,False,independent_source,False,False
CGIE3_ID_03,depth_mad_km--maximum_magnitude,depth_mad_km,maximum_magnitude,True,spearman::depth_mad_km--maximum_magnitude,rejected,estimable,-0.140745838,0.140745838,-1,0.5,1,0.6666666667,-0.2537789154,-0.01751356091,0.2362653545,True,True,False,True,spearman::depth_mad_km--maximum_magnitude,rejected,estimable,-0.01843539033,0.01843539033,-1,0.1666666667,1,0.5833333333,-0.1123524904,0.09130128391,0.2036537743,True,True,False,True,spearman::depth_mad_km--maximum_magnitude,rejected,estimable,0.07972641941,0.07972641941,1,0.5,1,0.5,-0.0169400708,0.1747062093,0.1916462801,True,True,False,True,spearman::depth_mad_km--maximum_magnitude,rejected,estimable,0.2029324391,0.2029324391,1,0.25,1,0.5833333333,0.108549475,0.2952071289,0.1866576538,True,True,False,4,4,0,,1d|3d|7d|30d,,False,False,False,False,scale_inconsistent,,,,,,,,,,False,independent_source,False,False
CGIE3_ID_03,depth_mad_km--median_depth_km,depth_mad_km,median_depth_km,True,spearman::depth_mad_km--median_depth_km,rejected,estimable,-0.1166979594,0.1166979594,-1,0.3333333333,1,0.6666666667,-0.2352008935,-0.008615469455,0.226585424,True,True,False,True,spearman::depth_mad_km--median_depth_km,candidate,estimable,-0.2500408068,0.2500408068,-1,0.75,1,0.9166666667,-0.3415967142,-0.1521162523,0.1894804619,True,True,True,True,spearman::depth_mad_km--median_depth_km,eligible,estimable,-0.364965898,0.364965898,-1,0.9166666667,1,0.9166666667,-0.4572490413,-0.2556491504,0.2015998909,True,True,True,True,spearman::depth_mad_km--median_depth_km,candidate,estimable,-0.4485559896,0.4485559896,-1,0.6666666667,1,0.75,-0.5345866763,-0.3513184127,0.1832682636,True,True,True,4,4,3,3d|7d|30d,1d|3d|7d|30d,-1,True,False,False,False,multi_scale_3,-0.4485559896,-0.2500408068,0.1985151828,-0.3545208981,0.09966891676,0.6666666667,0.9166666667,0.7777777778,0.1894804619,True,shared_event_source,True,False
CGIE3_ID_03,depth_mad_km--median_interevent_time_hours,depth_mad_km,median_interevent_time_hours,True,spearman::depth_mad_km--median_interevent_time_hours,rejected,estimable,0.1592638527,0.1592638527,1,0.4166666667,1,0.9166666667,0.05383118825,0.2531686932,0.199337505,True,True,False,True,spearman::depth_mad_km--median_interevent_time_hours,rejected,estimable,-0.03639816905,0.03639816905,-1,0.25,1,0.6666666667,-0.1291842984,0.06159516446,0.1907794629,True,True,False,True,spearman::depth_mad_km--median_interevent_time_hours,rejected,estimable,-0.1407664614,0.1407664614,-1,0.4166666667,1,0.5,-0.2398838054,-0.03739356516,0.2024902403,True,True,False,True,spearman::depth_mad_km--median_interevent_time_hours,rejected,estimable,-0.07987057688,0.07987057688,-1,0.4166666667,1,0.5,-0.1842457445,0.02520055651,0.209446301,True,True,False,4,4,0,,1d|3d|7d|30d,,False,False,False,False,scale_inconsistent,,,,,,,,,,False,independent_source,False,False
CGIE3_ID_03,depth_mad_km--spatial_dispersion_km,depth_mad_km,spatial_dispersion_km,True,spearman::depth_mad_km--spatial_dispersion_km,eligible,estimable,0.300418432,0.300418432,1,0.8333333333,1,1,0.2029557301,0.392632199,0.1896764689,True,True,True,True,spearman::depth_mad_km--spatial_dispersion_km,rejected,estimable,0.2108124784,0.2108124784,1,0.4166666667,1,0.8333333333,0.1233420913,0.3035973957,0.1802553045,True,True,False,True,spearman::depth_mad_km--spatial_dispersion_km,rejected,estimable,0.07657612754,0.07657612754,1,0.4166666667,1,0.5833333333,-0.02029445953,0.1840267851,0.2043212446,True,True,False,True,spearman::depth_mad_km--spatial_dispersion_km,rejected,estimable,-0.1237233121,0.1237233121,-1,0.5,1,0.6666666667,-0.2289867302,-0.02411400456,0.2048727256,True,True,False,4,4,1,1d,1d|3d|7d|30d,1,True,False,False,False,single_scale,0.300418432,0.300418432,0,0.300418432,0,0.8333333333,0.8333333333,0.8333333333,0.1896764689,False,independent_source,False,False
CGIE3_ID_03,depth_mad_km--temporal_burstiness,depth_mad_km,temporal_burstiness,False,,,,,,,,,,,,,,,False,True,spearman::depth_mad_km--temporal_burstiness,rejected,estimable,0.07812531798,0.07812531798,1,0.3333333333,1,0.75,-0.01299017506,0.1869480186,0.1999381937,True,True,False,True,spearman::depth_mad_km--temporal_burstiness,rejected,estimable,0.02679282331,0.02679282331,1,0.25,1,0.5,-0.05957397029,0.1212653111,0.1808392814,False,True,False,True,spearman::depth_mad_km--temporal_burstiness,rejected,estimable,0.1628290963,0.1628290963,1,0.4166666667,1,0.4166666667,0.05811163587,0.2568699378,0.1987583019,True,True,False,3,3,0,,3d|7d|30d,,False,False,False,False,scale_inconsistent,,,,,,,,,,False,independent_source,False,False
CGIE3_ID_03,event_count--interevent_time_mad_hours,event_count,interevent_time_mad_hours,True,spearman::event_count--interevent_time_mad_hours,eligible,estimable,0.4971858071,0.4971858071,1,0.75,1,1,0.3886207566,0.5915663905,0.2029456339,True,True,True,True,spearman::event_count--interevent_time_mad_hours,rejected,estimable,0.007050976589,0.007050976589,1,0.4166666667,1,0.5833333333,-0.1024979496,0.1277275371,0.2302254868,False,True,False,True,spearman::event_count--interevent_time_mad_hours,eligible,estimable,-0.688406885,0.688406885,-1,0.75,1,1,-0.7550559099,-0.616731706,0.138324204,True,True,True,True,spearman::event_count--interevent_time_mad_hours,eligible,estimable,-0.7624175354,0.7624175354,-1,0.75,1,0.8333333333,-0.8141484539,-0.6936662321,0.1204822218,True,True,True,4,4,3,1d|7d|30d,1d|3d|7d|30d,-1,False,True,True,True,scale_inconsistent,-0.7624175354,0.4971858071,1.259603342,-0.3178795378,0.706836637,0.75,0.75,0.75,0.138324204,True,independent_source,False,False
CGIE3_ID_03,event_count--log10_cumulative_energy_joule,event_count,log10_cumulative_energy_joule,True,spearman::event_count--log10_cumulative_energy_joule,eligible,estimable,0.7586573147,0.7586573147,1,1,1,1,0.7137471859,0.8035781804,0.08983099451,True,True,True,True,spearman::event_count--log10_cumulative_energy_joule,eligible,estimable,0.7643132483,0.7643132483,1,1,1,1,0.7215718855,0.8048551457,0.08328326017,True,True,True,True,spearman::event_count--log10_cumulative_energy_joule,eligible,estimable,0.7666303704,0.7666303704,1,0.9166666667,1,1,0.7218049523,0.8007319093,0.07892695702,True,True,True,True,spearman::event_count--log10_cumulative_energy_joule,eligible,estimable,0.3148075384,0.3148075384,1,0.8333333333,1,0.8333333333,0.2008479221,0.4199297246,0.2190818025,True,True,True,4,4,4,1d|3d|7d|30d,1d|3d|7d|30d,1,True,False,False,False,multi_scale_4,0.3148075384,0.7666303704,0.451822832,0.651102118,0.2242213949,0.8333333333,1,0.9375,0.08655712734,True,independent_source,False,False
CGIE3_ID_03,event_count--maximum_magnitude,event_count,maximum_magnitude,True,spearman::event_count--maximum_magnitude,eligible,estimable,0.675143177,0.675143177,1,1,1,1,0.6126458883,0.7234633147,0.1108174264,True,True,True,True,spearman::event_count--maximum_magnitude,eligible,estimable,0.6849611887,0.6849611887,1,0.9166666667,1,1,0.6227786137,0.728862865,0.1060842513,True,True,True,True,spearman::event_count--maximum_magnitude,eligible,estimable,0.6896061577,0.6896061577,1,0.75,1,0.8333333333,0.6464108684,0.7305298761,0.08411900776,True,True,True,True,spearman::event_count--maximum_magnitude,candidate,estimable,0.2076225819,0.2076225819,1,0.5833333333,1,0.6666666667,0.0926517655,0.3198999212,0.2272481557,True,True,True,4,4,4,1d|3d|7d|30d,1d|3d|7d|30d,1,True,False,False,False,multi_scale_4,0.2076225819,0.6896061577,0.4819835758,0.5643332763,0.2378835441,0.5833333333,1,0.8125,0.1084508389,True,independent_source,False,False
CGIE3_ID_03,event_count--median_depth_km,event_count,median_depth_km,True,spearman::event_count--median_depth_km,rejected,estimable,-0.1058501324,0.1058501324,-1,0.3333333333,1,0.75,-0.2147669251,-0.01388888128,0.2008780438,True,True,False,True,spearman::event_count--median_depth_km,rejected,estimable,-0.1424499456,0.1424499456,-1,0.4166666667,1,0.5,-0.2268711721,-0.0526280114,0.1742431607,True,True,False,True,spearman::event_count--median_depth_km,candidate,estimable,-0.2208414768,0.2208414768,-1,0.5,1,0.6666666667,-0.319628874,-0.1225890617,0.1970398123,True,True,True,True,spearman::event_count--median_depth_km,candidate,estimable,-0.2924734839,0.2924734839,-1,0.5,1,0.5,-0.3873616307,-0.1882414494,0.1991201812,True,True,True,4,4,2,7d|30d,1d|3d|7d|30d,-1,True,False,False,False,multi_scale_2,-0.2924734839,-0.2208414768,0.0716320071,-0.2566574804,0.05065147797,0.5,0.5,0.5,0.1980799967,True,independent_source,False,False
CGIE3_ID_03,event_count--median_interevent_time_hours,event_count,median_interevent_time_hours,True,spearman::event_count--median_interevent_time_hours,eligible,estimable,-0.5284007872,0.5284007872,-1,0.8333333333,1,0.8333333333,-0.6118136985,-0.4301554987,0.1816581998,True,True,True,True,spearman::event_count--median_interevent_time_hours,eligible,estimable,-0.6985971355,0.6985971355,-1,1,1,1,-0.7551368964,-0.6326594706,0.1224774259,True,True,True,True,spearman::event_count--median_interevent_time_hours,eligible,estimable,-0.810951928,0.810951928,-1,0.9166666667,1,1,-0.8481092343,-0.7622441688,0.08586506542,True,True,True,True,spearman::event_count--median_interevent_time_hours,candidate,estimable,-0.784506337,0.784506337,-1,0.6666666667,1,0.9166666667,-0.8272003448,-0.7372399106,0.08996043423,True,True,True,4,4,4,1d|3d|7d|30d,1d|3d|7d|30d,-1,True,False,False,False,multi_scale_4,-0.810951928,-0.5284007872,0.2825511408,-0.7056140469,0.1275066522,0.6666666667,1,0.8541666667,0.1062189301,True,independent_source,False,False
CGIE3_ID_03,event_count--spatial_dispersion_km,event_count,spatial_dispersion_km,True,spearman::event_count--spatial_dispersion_km,rejected,estimable,-0.1208928838,0.1208928838,-1,0.25,1,0.75,-0.2197535601,-0.02691823743,0.1928353227,True,True,False,True,spearman::event_count--spatial_dispersion_km,rejected,estimable,-0.07128881314,0.07128881314,-1,0.3333333333,1,0.5833333333,-0.1798330336,0.02670946801,0.2065425017,True,True,False,True,spearman::event_count--spatial_dispersion_km,rejected,estimable,-0.1930917567,0.1930917567,-1,0.4166666667,1,0.5833333333,-0.2917047318,-0.09518681774,0.1965179141,True,True,False,True,spearman::event_count--spatial_dispersion_km,candidate,estimable,-0.3093456145,0.3093456145,-1,0.5,1,0.5833333333,-0.3906265318,-0.2081176446,0.1825088873,True,True,True,4,4,1,30d,1d|3d|7d|30d,-1,True,False,False,False,single_scale,-0.3093456145,-0.3093456145,0,-0.3093456145,0,0.5,0.5,0.5,0.1825088873,False,independent_source,False,False
CGIE3_ID_03,event_count--temporal_burstiness,event_count,temporal_burstiness,False,,,,,,,,,,,,,,,False,True,spearman::event_count--temporal_burstiness,eligible,estimable,0.726327815,0.726327815,1,0.8333333333,1,1,0.6748885249,0.7702702739,0.095381749,True,True,True,True,spearman::event_count--temporal_burstiness,eligible,estimable,0.7135910808,0.7135910808,1,0.9166666667,1,1,0.6599002824,0.7605012426,0.1006009602,True,True,True,True,spearman::event_count--temporal_burstiness,candidate,estimable,0.7035004302,0.7035004302,1,0.6666666667,1,0.6666666667,0.6492004178,0.7549567287,0.1057563109,True,True,True,3,3,3,3d|7d|30d,3d|7d|30d,1,True,False,False,False,multi_scale_3,0.7035004302,0.726327815,0.0228273848,0.7144731087,0.01143922436,0.6666666667,0.9166666667,0.8055555556,0.1006009602,True,independent_source,False,False
CGIE3_ID_03,interevent_time_mad_hours--log10_cumulative_energy_joule,interevent_time_mad_hours,log10_cumulative_energy_joule,True,spearman::interevent_time_mad_hours--log10_cumulative_energy_joule,candidate,estimable,0.2877519563,0.2877519563,1,0.75,1,1,0.2024545074,0.3742745721,0.1718200647,True,True,True,True,spearman::interevent_time_mad_hours--log10_cumulative_energy_joule,rejected,estimable,-0.1412897583,0.1412897583,-1,0.08333333333,1,0.75,-0.2363596554,-0.0496769064,0.186682749,True,True,False,True,spearman::interevent_time_mad_hours--log10_cumulative_energy_joule,candidate,estimable,-0.5874195081,0.5874195081,-1,0.6666666667,1,0.8333333333,-0.6514055913,-0.5231798544,0.1282257368,True,True,True,True,spearman::interevent_time_mad_hours--log10_cumulative_energy_joule,candidate,estimable,-0.3524839608,0.3524839608,-1,0.6666666667,1,0.6666666667,-0.4615569917,-0.2406474081,0.2209095836,True,True,True,4,4,3,1d|7d|30d,1d|3d|7d|30d,-1,False,True,False,True,scale_inconsistent,-0.5874195081,0.2877519563,0.8751714644,-0.2173838375,0.4529572888,0.6666666667,0.75,0.6944444445,0.1718200647,True,independent_source,False,False
CGIE3_ID_03,interevent_time_mad_hours--maximum_magnitude,interevent_time_mad_hours,maximum_magnitude,True,spearman::interevent_time_mad_hours--maximum_magnitude,candidate,estimable,0.2427518202,0.2427518202,1,0.6666666667,1,1,0.1490330677,0.3276642185,0.1786311508,True,True,True,True,spearman::interevent_time_mad_hours--maximum_magnitude,rejected,estimable,-0.1564713734,0.1564713734,-1,0.08333333333,1,0.75,-0.2496059313,-0.05722004149,0.1923858898,True,True,False,True,spearman::interevent_time_mad_hours--maximum_magnitude,eligible,estimable,-0.5469559863,0.5469559863,-1,0.8333333333,1,0.8333333333,-0.6120770291,-0.4767796325,0.1352973966,True,True,True,True,spearman::interevent_time_mad_hours--maximum_magnitude,candidate,estimable,-0.2739458103,0.2739458103,-1,0.75,1,0.8333333333,-0.3892055212,-0.1720122801,0.2171932411,True,True,True,4,4,3,1d|7d|30d,1d|3d|7d|30d,-1,False,True,False,True,scale_inconsistent,-0.5469559863,0.2427518202,0.7897078065,-0.1927166588,0.4010713605,0.6666666667,0.8333333333,0.75,0.1786311508,True,independent_source,False,False
CGIE3_ID_03,interevent_time_mad_hours--median_depth_km,interevent_time_mad_hours,median_depth_km,True,spearman::interevent_time_mad_hours--median_depth_km,rejected,estimable,0.04907210695,0.04907210695,1,0.1666666667,1,0.5,-0.04245058388,0.1339559175,0.1764065014,True,True,False,True,spearman::interevent_time_mad_hours--median_depth_km,candidate,estimable,0.2309277449,0.2309277449,1,0.5,1,0.6666666667,0.1354797274,0.323799961,0.1883202336,True,True,True,True,spearman::interevent_time_mad_hours--median_depth_km,rejected,estimable,0.2304789364,0.2304789364,1,0.3333333333,1,0.6666666667,0.1417876562,0.3336395641,0.1918519078,True,True,False,True,spearman::interevent_time_mad_hours--median_depth_km,candidate,estimable,0.5475655167,0.5475655167,1,0.5,1,0.5833333333,0.4747518984,0.6122087228,0.1374568244,True,True,True,4,4,2,3d|30d,1d|3d|7d|30d,1,True,False,False,False,multi_scale_2,0.2309277449,0.5475655167,0.3166377718,0.3892466308,0.2238967156,0.5,0.5,0.5,0.162888529,True,independent_source,False,False
CGIE3_ID_03,interevent_time_mad_hours--median_interevent_time_hours,interevent_time_mad_hours,median_interevent_time_hours,True,spearman::interevent_time_mad_hours--median_interevent_time_hours,rejected,estimable,0.1037951435,0.1037951435,1,0.4166666667,1,0.6666666667,-0.01446254715,0.2230838598,0.237546407,True,True,False,True,spearman::interevent_time_mad_hours--median_interevent_time_hours,candidate,estimable,0.3619797493,0.3619797493,1,0.6666666667,1,0.8333333333,0.2458626744,0.4660587374,0.220196063,True,True,True,True,spearman::interevent_time_mad_hours--median_interevent_time_hours,eligible,estimable,0.8876132627,0.8876132627,1,1,1,1,0.8366351314,0.9296301028,0.09299497138,True,True,True,True,spearman::interevent_time_mad_hours--median_interevent_time_hours,eligible,estimable,0.9768087719,0.9768087719,1,1,1,1,0.942036024,0.9989163749,0.0568803509,True,True,True,4,4,3,3d|7d|30d,1d|3d|7d|30d,1,True,False,False,False,multi_scale_3,0.3619797493,0.9768087719,0.6148290226,0.742133928,0.3322301302,0.6666666667,1,0.8888888889,0.09299497138,True,shared_temporal_source,True,False
CGIE3_ID_03,interevent_time_mad_hours--spatial_dispersion_km,interevent_time_mad_hours,spatial_dispersion_km,True,spearman::interevent_time_mad_hours--spatial_dispersion_km,rejected,estimable,0.2026422216,0.2026422216,1,0.25,1,0.75,0.1044575907,0.2987043834,0.1942467927,True,True,False,True,spearman::interevent_time_mad_hours--spatial_dispersion_km,rejected,estimable,0.3033568497,0.3033568497,1,0.4166666667,1,0.8333333333,0.2121554602,0.3751249126,0.1629694523,True,True,False,True,spearman::interevent_time_mad_hours--spatial_dispersion_km,candidate,estimable,0.3415741573,0.3415741573,1,0.5833333333,1,0.9166666667,0.2557059555,0.4265982384,0.170892283,True,True,True,True,spearman::interevent_time_mad_hours--spatial_dispersion_km,eligible,estimable,0.6003236393,0.6003236393,1,0.75,1,0.9166666667,0.5200714766,0.6739887925,0.1539173159,True,True,True,4,4,2,7d|30d,1d|3d|7d|30d,1,True,False,False,False,multi_scale_2,0.3415741573,0.6003236393,0.258749482,0.4709488983,0.1829635134,0.5833333333,0.75,0.6666666667,0.1624047994,True,independent_source,False,False
CGIE3_ID_03,interevent_time_mad_hours--temporal_burstiness,interevent_time_mad_hours,temporal_burstiness,False,,,,,,,,,,,,,,,False,True,spearman::interevent_time_mad_hours--temporal_burstiness,eligible,estimable,-0.6501812247,0.6501812247,-1,0.8333333333,1,1,-0.7078310306,-0.5778292598,0.1300017708,True,True,True,True,spearman::interevent_time_mad_hours--temporal_burstiness,eligible,estimable,-0.8309718002,0.8309718002,-1,1,1,1,-0.8607218973,-0.794062041,0.06665985635,True,True,True,True,spearman::interevent_time_mad_hours--temporal_burstiness,eligible,estimable,-0.8709167861,0.8709167861,-1,0.9166666667,1,0.9166666667,-0.8929875351,-0.843592804,0.04939473118,True,True,True,3,3,3,3d|7d|30d,3d|7d|30d,-1,True,False,False,False,multi_scale_3,-0.8709167861,-0.6501812247,0.2207355614,-0.7840232703,0.11761875,0.8333333333,1,0.9166666667,0.06665985635,True,shared_temporal_source,True,False
CGIE3_ID_03,log10_cumulative_energy_joule--maximum_magnitude,log10_cumulative_energy_joule,maximum_magnitude,True,spearman::log10_cumulative_energy_joule--maximum_magnitude,eligible,estimable,0.9858583829,0.9858583829,1,1,1,1,0.9811871805,0.9887226774,0.007535496964,True,True,True,True,spearman::log10_cumulative_energy_joule--maximum_magnitude,eligible,estimable,0.9857719933,0.9857719933,1,1,1,1,0.9812886268,0.9886382715,0.007349644725,True,True,True,True,spearman::log10_cumulative_energy_joule--maximum_magnitude,eligible,estimable,0.9820847483,0.9820847483,1,1,1,1,0.9761746687,0.9862666677,0.01009199901,True,True,True,True,spearman::log10_cumulative_energy_joule--maximum_magnitude,eligible,estimable,0.9721793308,0.9721793308,1,0.9166666667,1,1,0.962514535,0.977199889,0.014685354,True,True,True,4,4,4,1d|3d|7d|30d,1d|3d|7d|30d,1,True,False,False,False,multi_scale_4,0.9721793308,0.9858583829,0.0136790521,0.9814736138,0.006441000136,0.9166666667,1,0.9791666667,0.008813747987,True,partially_derived,True,False
CGIE3_ID_03,log10_cumulative_energy_joule--median_depth_km,log10_cumulative_energy_joule,median_depth_km,True,spearman::log10_cumulative_energy_joule--median_depth_km,rejected,estimable,-0.0780764609,0.0780764609,-1,0.3333333333,1,0.6666666667,-0.1745329932,0.01288260741,0.1874156006,True,True,False,True,spearman::log10_cumulative_energy_joule--median_depth_km,rejected,estimable,-0.0606399275,0.0606399275,-1,0.4166666667,1,0.6666666667,-0.1515914927,0.02947116409,0.1810626568,True,True,False,True,spearman::log10_cumulative_energy_joule--median_depth_km,rejected,estimable,-0.09473438297,0.09473438297,-1,0.6666666667,1,0.75,-0.1847038009,0.002828959832,0.1875327607,True,True,False,True,spearman::log10_cumulative_energy_joule--median_depth_km,rejected,estimable,-0.02590116676,0.02590116676,-1,0.1666666667,1,0.1666666667,-0.1279328093,0.077692678,0.2056254873,False,True,False,4,4,0,,1d|3d|7d|30d,,False,False,False,False,scale_inconsistent,,,,,,,,,,False,independent_source,False,False
CGIE3_ID_03,log10_cumulative_energy_joule--median_interevent_time_hours,log10_cumulative_energy_joule,median_interevent_time_hours,True,spearman::log10_cumulative_energy_joule--median_interevent_time_hours,eligible,estimable,-0.4366162893,0.4366162893,-1,0.8333333333,1,1,-0.5248825507,-0.3489120081,0.1759705426,True,True,True,True,spearman::log10_cumulative_energy_joule--median_interevent_time_hours,eligible,estimable,-0.6192985896,0.6192985896,-1,0.8333333333,1,0.9166666667,-0.6726648731,-0.5458311902,0.1268336829,True,True,True,True,spearman::log10_cumulative_energy_joule--median_interevent_time_hours,candidate,estimable,-0.6690150291,0.6690150291,-1,0.6666666667,1,0.8333333333,-0.7170590324,-0.6193591784,0.09769985396,True,True,True,True,spearman::log10_cumulative_energy_joule--median_interevent_time_hours,candidate,estimable,-0.3744843013,0.3744843013,-1,0.5833333333,1,0.75,-0.4758284986,-0.2765592463,0.1992692523,True,True,True,4,4,4,1d|3d|7d|30d,1d|3d|7d|30d,-1,True,False,False,False,multi_scale_4,-0.6690150291,-0.3744843013,0.2945307278,-0.5248535523,0.1415381252,0.5833333333,0.8333333333,0.7291666667,0.1514021127,True,independent_source,False,False
CGIE3_ID_03,log10_cumulative_energy_joule--spatial_dispersion_km,log10_cumulative_energy_joule,spatial_dispersion_km,True,spearman::log10_cumulative_energy_joule--spatial_dispersion_km,rejected,estimable,-0.1698503062,0.1698503062,-1,0.3333333333,1,0.75,-0.2733583158,-0.06780467612,0.2055536397,True,True,False,True,spearman::log10_cumulative_energy_joule--spatial_dispersion_km,rejected,estimable,-0.1375761816,0.1375761816,-1,0.4166666667,1,0.9166666667,-0.2219375983,-0.03767287156,0.1842647267,True,True,False,True,spearman::log10_cumulative_energy_joule--spatial_dispersion_km,rejected,estimable,-0.1414743203,0.1414743203,-1,0.5,1,0.8333333333,-0.2453724353,-0.0461919628,0.1991804725,True,True,False,True,spearman::log10_cumulative_energy_joule--spatial_dispersion_km,rejected,estimable,0.01126630962,0.01126630962,1,0.4166666667,1,0.5,-0.1464264147,0.1407968836,0.2872232983,True,True,False,4,4,0,,1d|3d|7d|30d,,False,False,False,False,scale_inconsistent,,,,,,,,,,False,independent_source,False,False
CGIE3_ID_03,log10_cumulative_energy_joule--temporal_burstiness,log10_cumulative_energy_joule,temporal_burstiness,False,,,,,,,,,,,,,,,False,True,spearman::log10_cumulative_energy_joule--temporal_burstiness,eligible,estimable,0.6035365782,0.6035365782,1,0.9166666667,1,0.9166666667,0.5318170967,0.6675442514,0.1357271547,True,True,True,True,spearman::log10_cumulative_energy_joule--temporal_burstiness,eligible,estimable,0.6071523526,0.6071523526,1,0.8333333333,1,0.9166666667,0.5308366605,0.6725845186,0.1417478581,True,True,True,True,spearman::log10_cumulative_energy_joule--temporal_burstiness,candidate,estimable,0.4489356734,0.4489356734,1,0.6666666667,1,0.75,0.3675703384,0.52779116,0.1602208216,True,True,True,3,3,3,3d|7d|30d,3d|7d|30d,1,True,False,False,False,multi_scale_3,0.4489356734,0.6071523526,0.1582166792,0.5532082014,0.09032075358,0.6666666667,0.9166666667,0.8055555556,0.1417478581,True,independent_source,False,False
CGIE3_ID_03,maximum_magnitude--median_depth_km,maximum_magnitude,median_depth_km,True,spearman::maximum_magnitude--median_depth_km,rejected,estimable,-0.0726415037,0.0726415037,-1,0.3333333333,1,0.6666666667,-0.1565347278,0.004429273667,0.1609640015,True,True,False,True,spearman::maximum_magnitude--median_depth_km,rejected,estimable,-0.0456695123,0.0456695123,-1,0.3333333333,1,0.6666666667,-0.1351189688,0.05394994153,0.1890689103,True,True,False,True,spearman::maximum_magnitude--median_depth_km,rejected,estimable,-0.07801694009,0.07801694009,-1,0.6666666667,1,0.75,-0.1782351394,0.01881229414,0.1970474335,True,True,False,True,spearman::maximum_magnitude--median_depth_km,rejected,estimable,0.01251189597,0.01251189597,1,0.75,1,0.75,-0.09595809263,0.1225824922,0.2185405848,True,True,False,4,4,0,,1d|3d|7d|30d,,False,False,False,False,scale_inconsistent,,,,,,,,,,False,independent_source,False,False
CGIE3_ID_03,maximum_magnitude--median_interevent_time_hours,maximum_magnitude,median_interevent_time_hours,True,spearman::maximum_magnitude--median_interevent_time_hours,eligible,estimable,-0.4042337978,0.4042337978,-1,0.8333333333,1,1,-0.4948797703,-0.2999618044,0.1949179659,True,True,True,True,spearman::maximum_magnitude--median_interevent_time_hours,eligible,estimable,-0.5691115683,0.5691115683,-1,0.8333333333,1,0.9166666667,-0.6335570548,-0.5013057371,0.1322513178,True,True,True,True,spearman::maximum_magnitude--median_interevent_time_hours,candidate,estimable,-0.6068095001,0.6068095001,-1,0.6666666667,1,0.8333333333,-0.6587166931,-0.5494182226,0.1092984706,True,True,True,True,spearman::maximum_magnitude--median_interevent_time_hours,candidate,estimable,-0.2956620938,0.2956620938,-1,0.75,1,0.8333333333,-0.3986317505,-0.1793591234,0.2192726271,True,True,True,4,4,4,1d|3d|7d|30d,1d|3d|7d|30d,-1,True,False,False,False,multi_scale_4,-0.6068095001,-0.2956620938,0.3111474063,-0.46895424,0.1452061371,0.6666666667,0.8333333333,0.7708333333,0.1635846418,True,independent_source,False,False
CGIE3_ID_03,maximum_magnitude--spatial_dispersion_km,maximum_magnitude,spatial_dispersion_km,True,spearman::maximum_magnitude--spatial_dispersion_km,rejected,estimable,-0.1686511803,0.1686511803,-1,0.3333333333,1,0.75,-0.2756085004,-0.0710765117,0.2045319887,True,True,False,True,spearman::maximum_magnitude--spatial_dispersion_km,rejected,estimable,-0.1358517721,0.1358517721,-1,0.3333333333,1,0.9166666667,-0.2326753749,-0.04706898992,0.185606385,True,True,False,True,spearman::maximum_magnitude--spatial_dispersion_km,rejected,estimable,-0.1274175176,0.1274175176,-1,0.5,1,0.8333333333,-0.2288306883,-0.02497931913,0.2038513692,True,True,False,True,spearman::maximum_magnitude--spatial_dispersion_km,rejected,estimable,0.05434841402,0.05434841402,1,0.3333333333,1,0.4166666667,-0.05629454461,0.1629942199,0.2192887645,True,True,False,4,4,0,,1d|3d|7d|30d,,False,False,False,False,scale_inconsistent,,,,,,,,,,False,independent_source,False,False
CGIE3_ID_03,maximum_magnitude--temporal_burstiness,maximum_magnitude,temporal_burstiness,False,,,,,,,,,,,,,,,False,True,spearman::maximum_magnitude--temporal_burstiness,eligible,estimable,0.5554651543,0.5554651543,1,0.9166666667,1,0.9166666667,0.4728561023,0.6362392012,0.163383099,True,True,True,True,spearman::maximum_magnitude--temporal_burstiness,eligible,estimable,0.55085097,0.55085097,1,0.8333333333,1,0.9166666667,0.4714423601,0.6173870883,0.1459447282,True,True,True,True,spearman::maximum_magnitude--temporal_burstiness,eligible,estimable,0.3919860475,0.3919860475,1,0.8333333333,1,0.9166666667,0.2922270862,0.4947791797,0.2025520935,True,True,True,3,3,3,3d|7d|30d,3d|7d|30d,1,True,False,False,False,multi_scale_3,0.3919860475,0.5554651543,0.1634791068,0.4994340573,0.09308130197,0.8333333333,0.9166666667,0.8611111111,0.163383099,True,independent_source,False,False
CGIE3_ID_03,median_depth_km--median_interevent_time_hours,median_depth_km,median_interevent_time_hours,True,spearman::median_depth_km--median_interevent_time_hours,rejected,estimable,0.214924638,0.214924638,1,0.4166666667,1,0.9166666667,0.1176643714,0.3113754461,0.1937110747,True,True,False,True,spearman::median_depth_km--median_interevent_time_hours,rejected,estimable,0.1904741929,0.1904741929,1,0.5833333333,1,0.75,0.09132181549,0.2844068942,0.1930850787,True,True,False,True,spearman::median_depth_km--median_interevent_time_hours,rejected,estimable,0.2680461562,0.2680461562,1,0.4166666667,1,0.5,0.1745672656,0.3597204486,0.185153183,True,True,False,True,spearman::median_depth_km--median_interevent_time_hours,candidate,estimable,0.5453375348,0.5453375348,1,0.5,1,0.5833333333,0.4667211583,0.6177515733,0.151030415,True,True,True,4,4,1,30d,1d|3d|7d|30d,1,True,False,False,False,single_scale,0.5453375348,0.5453375348,0,0.5453375348,0,0.5,0.5,0.5,0.151030415,False,independent_source,False,False
CGIE3_ID_03,median_depth_km--spatial_dispersion_km,median_depth_km,spatial_dispersion_km,True,spearman::median_depth_km--spatial_dispersion_km,candidate,estimable,0.2688861285,0.2688861285,1,0.5,1,0.9166666667,0.1647488578,0.3608716752,0.1961228175,True,True,True,True,spearman::median_depth_km--spatial_dispersion_km,candidate,estimable,0.3355845205,0.3355845205,1,0.5833333333,1,0.8333333333,0.2459796714,0.4179533535,0.1719736821,True,True,True,True,spearman::median_depth_km--spatial_dispersion_km,eligible,estimable,0.5172865986,0.5172865986,1,0.8333333333,1,0.9166666667,0.4549612303,0.5804659932,0.1255047629,True,True,True,True,spearman::median_depth_km--spatial_dispersion_km,eligible,estimable,0.7668159829,0.7668159829,1,0.8333333333,1,0.9166666667,0.7257431456,0.8052807094,0.07953756379,True,True,True,4,4,4,1d|3d|7d|30d,1d|3d|7d|30d,1,True,False,False,False,multi_scale_4,0.2688861285,0.7668159829,0.4979298544,0.4721433076,0.2227342853,0.5,0.8333333333,0.6875,0.1487392225,True,independent_source,False,False
CGIE3_ID_03,median_depth_km--temporal_burstiness,median_depth_km,temporal_burstiness,False,,,,,,,,,,,,,,,False,True,spearman::median_depth_km--temporal_burstiness,rejected,estimable,-0.2502342405,0.2502342405,-1,0.4166666667,1,0.75,-0.3410431423,-0.1432717561,0.1977713862,True,True,False,True,spearman::median_depth_km--temporal_burstiness,rejected,estimable,-0.1824858294,0.1824858294,-1,0.5,1,0.5833333333,-0.2887182679,-0.07967526826,0.2090429996,True,True,False,True,spearman::median_depth_km--temporal_burstiness,rejected,estimable,-0.4632665345,0.4632665345,-1,0.4166666667,1,0.4166666667,-0.5377534244,-0.3798805055,0.1578729188,True,True,False,3,3,0,,3d|7d|30d,,False,False,False,False,scale_inconsistent,,,,,,,,,,False,independent_source,False,False
CGIE3_ID_03,median_interevent_time_hours--spatial_dispersion_km,median_interevent_time_hours,spatial_dispersion_km,True,spearman::median_interevent_time_hours--spatial_dispersion_km,eligible,estimable,0.4993867358,0.4993867358,1,1,1,1,0.4139820696,0.5769166305,0.1629345609,True,True,True,True,spearman::median_interevent_time_hours--spatial_dispersion_km,candidate,estimable,0.3159157065,0.3159157065,1,0.6666666667,1,1,0.2213864379,0.4022511053,0.1808646674,True,True,True,True,spearman::median_interevent_time_hours--spatial_dispersion_km,candidate,estimable,0.3727351704,0.3727351704,1,0.5833333333,1,0.9166666667,0.2856961426,0.4561650319,0.1704688893,True,True,True,True,spearman::median_interevent_time_hours--spatial_dispersion_km,eligible,estimable,0.6227898219,0.6227898219,1,0.8333333333,1,0.9166666667,0.5434007459,0.684659386,0.1412586401,True,True,True,4,4,4,1d|3d|7d|30d,1d|3d|7d|30d,1,True,False,False,False,multi_scale_4,0.3159157065,0.6227898219,0.3068741154,0.4527068586,0.1368874423,0.5833333333,1,0.7708333333,0.1667017251,True,independent_source,False,False
CGIE3_ID_03,median_interevent_time_hours--temporal_burstiness,median_interevent_time_hours,temporal_burstiness,False,,,,,,,,,,,,,,,False,True,spearman::median_interevent_time_hours--temporal_burstiness,eligible,estimable,-0.8153786569,0.8153786569,-1,1,1,1,-0.8596751536,-0.765818862,0.09385629168,True,True,True,True,spearman::median_interevent_time_hours--temporal_burstiness,eligible,estimable,-0.8975932607,0.8975932607,-1,1,1,1,-0.9155514197,-0.877333902,0.03821751769,True,True,True,True,spearman::median_interevent_time_hours--temporal_burstiness,eligible,estimable,-0.8710282538,0.8710282538,-1,0.8333333333,1,0.9166666667,-0.8921303778,-0.8439290059,0.04820137191,True,True,True,3,3,3,3d|7d|30d,3d|7d|30d,-1,True,False,False,False,multi_scale_3,-0.8975932607,-0.8153786569,0.0822146038,-0.8613333905,0.04195596562,0.8333333333,1,0.9444444444,0.04820137191,True,shared_temporal_source,True,False
CGIE3_ID_03,spatial_dispersion_km--temporal_burstiness,spatial_dispersion_km,temporal_burstiness,False,,,,,,,,,,,,,,,False,True,spearman::spatial_dispersion_km--temporal_burstiness,candidate,estimable,-0.3260219094,0.3260219094,-1,0.6666666667,1,1,-0.4224052288,-0.2287500856,0.1936551432,True,True,True,True,spearman::spatial_dispersion_km--temporal_burstiness,eligible,estimable,-0.3687397992,0.3687397992,-1,0.75,1,0.8333333333,-0.4534029925,-0.2721797291,0.1812232634,True,True,True,True,spearman::spatial_dispersion_km--temporal_burstiness,candidate,estimable,-0.4276225484,0.4276225484,-1,0.5833333333,1,0.8333333333,-0.5192396185,-0.3177370241,0.2015025944,True,True,True,3,3,3,3d|7d|30d,3d|7d|30d,-1,True,False,False,False,multi_scale_3,-0.4276225484,-0.3260219094,0.101600639,-0.3741280857,0.05101419101,0.5833333333,0.75,0.6666666667,0.1936551432,True,independent_source,False,False
