experiment_id,feature_id,provenance_class,source_family,source_variables,transformation,directly_derived_from,potential_direct_dependency_with,registry_status
CGIE3_ID_03,depth_mad_km,distribution_summary,depth,event_depth_km,median_absolute_deviation,event_depth_km,,FROZEN
CGIE3_ID_03,event_count,aggregate_observation,event_membership,retained_event_records,count,retained_event_records,,FROZEN
CGIE3_ID_03,interevent_time_mad_hours,derived_temporal_quantity,event_timing,ordered_event_timestamp,interarrival_time_mad,ordered_event_timestamp,,FROZEN
CGIE3_ID_03,log10_cumulative_energy_joule,derived_physical_quantity,magnitude_energy,event_magnitude,magnitude_to_energy_then_sum_then_log10,event_magnitude,maximum_magnitude,FROZEN
CGIE3_ID_03,maximum_magnitude,distribution_summary,magnitude,event_magnitude,maximum,event_magnitude,,FROZEN
CGIE3_ID_03,median_depth_km,distribution_summary,depth,event_depth_km,median,event_depth_km,,FROZEN
CGIE3_ID_03,median_interevent_time_hours,derived_temporal_quantity,event_timing,ordered_event_timestamp,median_interarrival_time,ordered_event_timestamp,,FROZEN
CGIE3_ID_03,spatial_dispersion_km,derived_spatial_quantity,spatial_location,event_latitude|event_longitude,frozen_spatial_dispersion,event_latitude|event_longitude,,FROZEN
CGIE3_ID_03,temporal_burstiness,derived_temporal_quantity,event_timing,ordered_event_timestamp,frozen_burstiness_formula,ordered_event_timestamp,,FROZEN
